-- phpMyAdmin SQL Dump
-- version 4.9.1
-- https://www.phpmyadmin.net/
--
-- Host: localhost
-- Generation Time: Nov 30, 2019 at 10:27 PM
-- Server version: 10.4.8-MariaDB
-- PHP Version: 7.3.11

SET SQL_MODE = "NO_AUTO_VALUE_ON_ZERO";
SET AUTOCOMMIT = 0;
START TRANSACTION;
SET time_zone = "+00:00";


/*!40101 SET @OLD_CHARACTER_SET_CLIENT=@@CHARACTER_SET_CLIENT */;
/*!40101 SET @OLD_CHARACTER_SET_RESULTS=@@CHARACTER_SET_RESULTS */;
/*!40101 SET @OLD_COLLATION_CONNECTION=@@COLLATION_CONNECTION */;
/*!40101 SET NAMES utf8mb4 */;

--
-- Database: `panacea`
--

-- --------------------------------------------------------

--
-- Table structure for table `categories`
--

CREATE TABLE `categories` (
  `id` bigint(20) UNSIGNED NOT NULL,
  `category_name` varchar(191) COLLATE utf8mb4_unicode_ci NOT NULL,
  `category_slug` varchar(191) COLLATE utf8mb4_unicode_ci DEFAULT NULL,
  `category_description` varchar(191) COLLATE utf8mb4_unicode_ci DEFAULT NULL,
  `category_status` tinyint(4) NOT NULL DEFAULT 1,
  `created_at` timestamp NULL DEFAULT NULL,
  `updated_at` timestamp NULL DEFAULT NULL
) ENGINE=InnoDB DEFAULT CHARSET=utf8mb4 COLLATE=utf8mb4_unicode_ci;

--
-- Dumping data for table `categories`
--

INSERT INTO `categories` (`id`, `category_name`, `category_slug`, `category_description`, `category_status`, `created_at`, `updated_at`) VALUES
(1, 'ullam', 'ullam', 'Illo qui aut adipisci distinctio.', 1, '2019-11-30 15:22:25', '2019-11-30 15:22:25'),
(2, 'porro', 'porro', 'Perferendis sunt a deserunt incidunt.', 1, '2019-11-30 15:22:25', '2019-11-30 15:22:25'),
(3, 'voluptatibus', 'voluptatibus', 'Voluptatum ad magni aut.', 1, '2019-11-30 15:22:25', '2019-11-30 15:22:25'),
(4, 'minus', 'minus', 'Qui quasi illo quibusdam temporibus ratione.', 1, '2019-11-30 15:22:25', '2019-11-30 15:22:25'),
(5, 'autem', 'autem', 'Ut saepe vitae et quisquam eligendi natus.', 1, '2019-11-30 15:22:25', '2019-11-30 15:22:25'),
(6, 'neque', 'neque', 'Et eos non est excepturi ipsam.', 1, '2019-11-30 15:22:25', '2019-11-30 15:22:25'),
(7, 'praesentium', 'praesentium', 'Qui vel id sed inventore.', 1, '2019-11-30 15:22:25', '2019-11-30 15:22:25'),
(8, 'provident', 'provident', 'Quis unde provident rem in qui consequuntur.', 1, '2019-11-30 15:22:25', '2019-11-30 15:22:25'),
(9, 'commodi', 'commodi', 'Aut qui autem eos sunt laudantium.', 1, '2019-11-30 15:22:25', '2019-11-30 15:22:25'),
(10, 'eos', 'eos', 'Sed vitae minima repellat sit atque.', 1, '2019-11-30 15:22:25', '2019-11-30 15:22:25');

-- --------------------------------------------------------

--
-- Table structure for table `migrations`
--

CREATE TABLE `migrations` (
  `id` int(10) UNSIGNED NOT NULL,
  `migration` varchar(191) COLLATE utf8mb4_unicode_ci NOT NULL,
  `batch` int(11) NOT NULL
) ENGINE=InnoDB DEFAULT CHARSET=utf8mb4 COLLATE=utf8mb4_unicode_ci;

--
-- Dumping data for table `migrations`
--

INSERT INTO `migrations` (`id`, `migration`, `batch`) VALUES
(73, '2014_10_12_000000_create_users_table', 1),
(74, '2014_10_12_100000_create_password_resets_table', 1),
(75, '2019_11_29_141532_create_categories_table', 1),
(76, '2019_11_29_141551_create_products_table', 1),
(77, '2019_11_29_210150_create_warranty_products_table', 1);

-- --------------------------------------------------------

--
-- Table structure for table `password_resets`
--

CREATE TABLE `password_resets` (
  `email` varchar(191) COLLATE utf8mb4_unicode_ci NOT NULL,
  `token` varchar(191) COLLATE utf8mb4_unicode_ci NOT NULL,
  `created_at` timestamp NULL DEFAULT NULL
) ENGINE=InnoDB DEFAULT CHARSET=utf8mb4 COLLATE=utf8mb4_unicode_ci;

-- --------------------------------------------------------

--
-- Table structure for table `products`
--

CREATE TABLE `products` (
  `id` bigint(20) UNSIGNED NOT NULL,
  `product_name` varchar(191) COLLATE utf8mb4_unicode_ci NOT NULL,
  `product_slug` varchar(191) COLLATE utf8mb4_unicode_ci DEFAULT NULL,
  `category_id` bigint(20) UNSIGNED NOT NULL,
  `product_description` varchar(191) COLLATE utf8mb4_unicode_ci DEFAULT NULL,
  `product_warranty` int(11) NOT NULL,
  `created_at` timestamp NULL DEFAULT NULL,
  `updated_at` timestamp NULL DEFAULT NULL
) ENGINE=InnoDB DEFAULT CHARSET=utf8mb4 COLLATE=utf8mb4_unicode_ci;

--
-- Dumping data for table `products`
--

INSERT INTO `products` (`id`, `product_name`, `product_slug`, `category_id`, `product_description`, `product_warranty`, `created_at`, `updated_at`) VALUES
(1, 'Animi nesciunt.', 'animi-nesciunt', 1, 'Corporis consequatur amet eum illum mollitia modi labore.', 13, '2019-11-30 15:22:25', '2019-11-30 15:22:25'),
(2, 'Odit doloribus nulla.', 'odit-doloribus-nulla', 1, 'Ea ullam aut impedit.', 21, '2019-11-30 15:22:25', '2019-11-30 15:22:25'),
(3, 'Iste sint sed.', 'iste-sint-sed', 1, 'Culpa hic nihil et alias quia alias.', 5, '2019-11-30 15:22:25', '2019-11-30 15:22:25'),
(4, 'Placeat incidunt.', 'placeat-incidunt', 1, 'Porro blanditiis sit repellendus non qui.', 29, '2019-11-30 15:22:25', '2019-11-30 15:22:25'),
(5, 'Neque minus.', 'neque-minus', 1, 'Et sed sint necessitatibus quia ut deserunt vel.', 35, '2019-11-30 15:22:25', '2019-11-30 15:22:25'),
(6, 'Aliquam qui vitae.', 'aliquam-qui-vitae', 1, 'Est consectetur molestiae ratione aliquam doloribus earum velit qui.', 10, '2019-11-30 15:22:25', '2019-11-30 15:22:25'),
(7, 'Ut dolore.', 'ut-dolore', 1, 'Quo dignissimos qui minima.', 26, '2019-11-30 15:22:25', '2019-11-30 15:22:25'),
(8, 'Et rerum.', 'et-rerum', 1, 'Possimus nostrum et qui omnis tenetur harum fugiat iusto.', 16, '2019-11-30 15:22:25', '2019-11-30 15:22:25'),
(9, 'Repellendus consequatur.', 'repellendus-consequatur', 1, 'Pariatur repellat voluptas doloribus earum quasi.', 30, '2019-11-30 15:22:25', '2019-11-30 15:22:25'),
(10, 'Ipsum vel.', 'ipsum-vel', 1, 'Enim in reiciendis natus vel.', 9, '2019-11-30 15:22:25', '2019-11-30 15:22:25'),
(11, 'Aut ut.', 'aut-ut', 1, 'Temporibus dolore explicabo dolor autem.', 21, '2019-11-30 15:22:25', '2019-11-30 15:22:25'),
(12, 'Rerum omnis aut.', 'rerum-omnis-aut', 1, 'Veniam consequatur dolor et dolores expedita.', 31, '2019-11-30 15:22:25', '2019-11-30 15:22:25'),
(13, 'Fuga at.', 'fuga-at', 2, 'Debitis autem et aperiam sunt et.', 16, '2019-11-30 15:22:25', '2019-11-30 15:22:25'),
(14, 'Cumque necessitatibus.', 'cumque-necessitatibus', 2, 'Illo non enim eligendi nemo.', 18, '2019-11-30 15:22:25', '2019-11-30 15:22:25'),
(15, 'Excepturi aut sit.', 'excepturi-aut-sit', 2, 'Natus culpa fugit iure est a et.', 29, '2019-11-30 15:22:25', '2019-11-30 15:22:25'),
(16, 'Velit ut.', 'velit-ut', 2, 'Debitis beatae consequuntur excepturi explicabo magni nisi soluta dolore.', 31, '2019-11-30 15:22:25', '2019-11-30 15:22:25'),
(17, 'Cumque accusamus.', 'cumque-accusamus', 2, 'Totam voluptas et et perferendis aspernatur qui molestiae.', 23, '2019-11-30 15:22:25', '2019-11-30 15:22:25'),
(18, 'Libero minima.', 'libero-minima', 2, 'Aut omnis quia rem nam modi magnam.', 7, '2019-11-30 15:22:25', '2019-11-30 15:22:25'),
(19, 'Autem consequuntur.', 'autem-consequuntur', 2, 'Suscipit alias est est est neque explicabo eligendi.', 13, '2019-11-30 15:22:25', '2019-11-30 15:22:25'),
(20, 'Quia non.', 'quia-non', 2, 'Iusto porro similique quaerat cum et quo.', 9, '2019-11-30 15:22:25', '2019-11-30 15:22:25'),
(21, 'Excepturi expedita.', 'excepturi-expedita', 2, 'Soluta odit omnis rerum labore.', 15, '2019-11-30 15:22:25', '2019-11-30 15:22:25'),
(22, 'Dolorem id.', 'dolorem-id', 2, 'Mollitia perspiciatis ut delectus delectus exercitationem quis.', 20, '2019-11-30 15:22:25', '2019-11-30 15:22:25'),
(23, 'Iure laborum a.', 'iure-laborum-a', 3, 'Quae dolores aut quam.', 12, '2019-11-30 15:22:26', '2019-11-30 15:22:26'),
(24, 'Numquam harum.', 'numquam-harum', 3, 'Est dolores qui quaerat consequuntur.', 9, '2019-11-30 15:22:26', '2019-11-30 15:22:26'),
(25, 'Libero perspiciatis.', 'libero-perspiciatis', 3, 'Qui quaerat in ullam repellat impedit.', 20, '2019-11-30 15:22:26', '2019-11-30 15:22:26'),
(26, 'Ipsam temporibus pariatur.', 'ipsam-temporibus-pariatur', 3, 'Nostrum similique quia itaque cumque officiis.', 23, '2019-11-30 15:22:26', '2019-11-30 15:22:26'),
(27, 'Qui delectus eum.', 'qui-delectus-eum', 3, 'Exercitationem ea atque corrupti ipsam.', 27, '2019-11-30 15:22:26', '2019-11-30 15:22:26'),
(28, 'Reiciendis cum.', 'reiciendis-cum', 3, 'Deserunt deserunt illum dolore aut omnis dolorum vitae.', 24, '2019-11-30 15:22:26', '2019-11-30 15:22:26'),
(29, 'Esse accusantium.', 'esse-accusantium', 3, 'A nobis culpa quis error voluptatem.', 17, '2019-11-30 15:22:26', '2019-11-30 15:22:26'),
(30, 'Quaerat eius.', 'quaerat-eius', 3, 'Ut voluptatibus rerum magni aut.', 22, '2019-11-30 15:22:26', '2019-11-30 15:22:26'),
(31, 'Quisquam sint repudiandae.', 'quisquam-sint-repudiandae', 3, 'Facilis officia quae quos est laboriosam nesciunt.', 8, '2019-11-30 15:22:26', '2019-11-30 15:22:26'),
(32, 'Perferendis ut reiciendis.', 'perferendis-ut-reiciendis', 3, 'Quo placeat aspernatur consequuntur ut.', 16, '2019-11-30 15:22:26', '2019-11-30 15:22:26'),
(33, 'Recusandae est dolores.', 'recusandae-est-dolores', 4, 'Reprehenderit est itaque ut nam.', 35, '2019-11-30 15:22:26', '2019-11-30 15:22:26'),
(34, 'Earum dolorem voluptatem.', 'earum-dolorem-voluptatem', 4, 'Eum non explicabo sed fugit enim non deleniti.', 19, '2019-11-30 15:22:26', '2019-11-30 15:22:26'),
(35, 'A ex.', 'a-ex', 4, 'Iure ex atque quo sequi et occaecati.', 15, '2019-11-30 15:22:26', '2019-11-30 15:22:26'),
(36, 'Temporibus at tenetur.', 'temporibus-at-tenetur', 4, 'Exercitationem tempora impedit aut ad incidunt porro.', 36, '2019-11-30 15:22:26', '2019-11-30 15:22:26'),
(37, 'Ex expedita.', 'ex-expedita', 4, 'Consequatur ducimus quaerat quo ut.', 26, '2019-11-30 15:22:26', '2019-11-30 15:22:26'),
(38, 'Et molestias est.', 'et-molestias-est', 4, 'Velit et officiis deleniti eius eius.', 36, '2019-11-30 15:22:26', '2019-11-30 15:22:26'),
(39, 'Omnis quidem.', 'omnis-quidem', 4, 'Quo qui vero ut ab illum voluptates dolore.', 11, '2019-11-30 15:22:26', '2019-11-30 15:22:26'),
(40, 'Quia numquam voluptatum.', 'quia-numquam-voluptatum', 4, 'Voluptatibus excepturi odio qui voluptatem ut.', 20, '2019-11-30 15:22:26', '2019-11-30 15:22:26'),
(41, 'Mollitia ea.', 'mollitia-ea', 5, 'Voluptates et dolor aut voluptas explicabo aliquid voluptate.', 11, '2019-11-30 15:22:26', '2019-11-30 15:22:26'),
(42, 'Sed nemo sint.', 'sed-nemo-sint', 5, 'Quasi aut sapiente dolore.', 8, '2019-11-30 15:22:26', '2019-11-30 15:22:26'),
(43, 'Sunt vero.', 'sunt-vero', 5, 'Et ipsum modi et praesentium.', 5, '2019-11-30 15:22:26', '2019-11-30 15:22:26'),
(44, 'Vel maxime et.', 'vel-maxime-et', 5, 'Sunt mollitia voluptatem ipsam.', 6, '2019-11-30 15:22:26', '2019-11-30 15:22:26'),
(45, 'Cum alias sit.', 'cum-alias-sit', 5, 'Laudantium dolores temporibus libero vel labore beatae.', 16, '2019-11-30 15:22:26', '2019-11-30 15:22:26'),
(46, 'Aut enim.', 'aut-enim', 5, 'Saepe porro error nemo sit eos ut ipsam neque.', 29, '2019-11-30 15:22:26', '2019-11-30 15:22:26'),
(47, 'Quam eos.', 'quam-eos', 5, 'Modi dicta ipsam sequi veritatis aspernatur voluptatem quis.', 30, '2019-11-30 15:22:26', '2019-11-30 15:22:26'),
(48, 'Molestiae beatae magnam.', 'molestiae-beatae-magnam', 5, 'Enim aut nostrum voluptatem quo necessitatibus est eaque.', 19, '2019-11-30 15:22:26', '2019-11-30 15:22:26'),
(49, 'Illum vel adipisci.', 'illum-vel-adipisci', 5, 'Quae sequi earum dolores nisi corrupti repellat id aut.', 10, '2019-11-30 15:22:26', '2019-11-30 15:22:26'),
(50, 'Aut sapiente.', 'aut-sapiente', 5, 'Architecto asperiores animi sunt quod voluptas ad.', 9, '2019-11-30 15:22:26', '2019-11-30 15:22:26'),
(51, 'A quaerat.', 'a-quaerat', 5, 'Numquam voluptatibus omnis soluta dolorem.', 32, '2019-11-30 15:22:26', '2019-11-30 15:22:26'),
(52, 'Dolores sint.', 'dolores-sint', 6, 'Et sequi voluptatem odit cum asperiores.', 16, '2019-11-30 15:22:26', '2019-11-30 15:22:26'),
(53, 'Ullam consequatur.', 'ullam-consequatur', 6, 'Iste consequatur nihil voluptatem assumenda sunt facilis sunt dolor.', 9, '2019-11-30 15:22:26', '2019-11-30 15:22:26'),
(54, 'Qui laudantium.', 'qui-laudantium', 6, 'Itaque repellendus non sed id.', 36, '2019-11-30 15:22:26', '2019-11-30 15:22:26'),
(55, 'Dignissimos animi.', 'dignissimos-animi', 6, 'At doloremque officia impedit molestiae ut.', 20, '2019-11-30 15:22:26', '2019-11-30 15:22:26'),
(56, 'Enim nihil expedita.', 'enim-nihil-expedita', 6, 'Velit aut sunt illum id error voluptatem.', 10, '2019-11-30 15:22:26', '2019-11-30 15:22:26'),
(57, 'Dolore explicabo.', 'dolore-explicabo', 6, 'Minima incidunt ea qui aut.', 17, '2019-11-30 15:22:26', '2019-11-30 15:22:26'),
(58, 'Illum error.', 'illum-error', 6, 'Nihil qui accusamus cupiditate vitae id dolorem.', 26, '2019-11-30 15:22:26', '2019-11-30 15:22:26'),
(59, 'Sunt soluta sed.', 'sunt-soluta-sed', 6, 'Ut qui aut molestiae fugiat.', 23, '2019-11-30 15:22:26', '2019-11-30 15:22:26'),
(60, 'Tenetur tenetur.', 'tenetur-tenetur', 6, 'Culpa nostrum est itaque quod earum aperiam est.', 12, '2019-11-30 15:22:26', '2019-11-30 15:22:26'),
(61, 'Corrupti iste.', 'corrupti-iste', 6, 'Magnam rerum excepturi vero eius.', 19, '2019-11-30 15:22:26', '2019-11-30 15:22:26'),
(62, 'Sint dolores adipisci.', 'sint-dolores-adipisci', 6, 'Voluptates sequi ratione ad.', 5, '2019-11-30 15:22:26', '2019-11-30 15:22:26'),
(63, 'Aliquam dolores.', 'aliquam-dolores', 6, 'Quisquam sed qui sint perferendis ad eum earum.', 24, '2019-11-30 15:22:26', '2019-11-30 15:22:26'),
(64, 'Et natus eum.', 'et-natus-eum', 6, 'Quod quis libero aut quisquam quo.', 5, '2019-11-30 15:22:26', '2019-11-30 15:22:26'),
(65, 'Ratione dolores.', 'ratione-dolores', 6, 'Earum et ipsam vel qui.', 20, '2019-11-30 15:22:26', '2019-11-30 15:22:26'),
(66, 'Saepe corporis fugiat.', 'saepe-corporis-fugiat', 6, 'Beatae consectetur corrupti ut nisi.', 27, '2019-11-30 15:22:26', '2019-11-30 15:22:26'),
(67, 'Quia voluptates.', 'quia-voluptates', 7, 'Dolores amet commodi ipsam.', 12, '2019-11-30 15:22:27', '2019-11-30 15:22:27'),
(68, 'Enim sit.', 'enim-sit', 7, 'Ad dolor natus et laborum.', 16, '2019-11-30 15:22:27', '2019-11-30 15:22:27'),
(69, 'Nemo facere.', 'nemo-facere', 7, 'Ullam perferendis autem nisi ullam ut.', 13, '2019-11-30 15:22:27', '2019-11-30 15:22:27'),
(70, 'Qui corrupti.', 'qui-corrupti', 7, 'Animi reprehenderit corporis sed quia.', 28, '2019-11-30 15:22:27', '2019-11-30 15:22:27'),
(71, 'Laudantium culpa nihil.', 'laudantium-culpa-nihil', 7, 'Blanditiis ducimus quibusdam porro at eius voluptate.', 26, '2019-11-30 15:22:27', '2019-11-30 15:22:27'),
(72, 'Est quia autem.', 'est-quia-autem', 7, 'Tempore architecto quas minus dolorem sed enim molestias.', 28, '2019-11-30 15:22:27', '2019-11-30 15:22:27'),
(73, 'Tempore non quos.', 'tempore-non-quos', 7, 'Perferendis hic sit asperiores cupiditate quisquam voluptatem.', 10, '2019-11-30 15:22:27', '2019-11-30 15:22:27'),
(74, 'Modi ad repudiandae.', 'modi-ad-repudiandae', 7, 'Molestiae non harum qui.', 27, '2019-11-30 15:22:27', '2019-11-30 15:22:27'),
(75, 'Et quia quia.', 'et-quia-quia', 7, 'Ex consequatur enim aut dolores libero ea.', 14, '2019-11-30 15:22:27', '2019-11-30 15:22:27'),
(76, 'Itaque commodi.', 'itaque-commodi', 7, 'Ea quaerat ipsum odit eius voluptas est fuga.', 17, '2019-11-30 15:22:27', '2019-11-30 15:22:27'),
(77, 'In ducimus.', 'in-ducimus', 7, 'Et ratione harum iure veniam aliquid.', 17, '2019-11-30 15:22:27', '2019-11-30 15:22:27'),
(78, 'Accusamus minus.', 'accusamus-minus', 8, 'Commodi sapiente nam aut architecto sunt.', 6, '2019-11-30 15:22:27', '2019-11-30 15:22:27'),
(79, 'Dolor velit.', 'dolor-velit', 8, 'Illo possimus aut dolore voluptas qui et et.', 13, '2019-11-30 15:22:27', '2019-11-30 15:22:27'),
(80, 'Corrupti ipsam.', 'corrupti-ipsam', 8, 'Autem voluptatum dicta eveniet esse porro at consequatur.', 28, '2019-11-30 15:22:27', '2019-11-30 15:22:27'),
(81, 'Est non voluptatem.', 'est-non-voluptatem', 8, 'Sapiente nobis voluptatem aperiam corrupti iusto mollitia quibusdam.', 13, '2019-11-30 15:22:27', '2019-11-30 15:22:27'),
(82, 'Possimus sunt.', 'possimus-sunt', 8, 'Nisi sapiente consectetur ratione nihil dicta aut nisi.', 6, '2019-11-30 15:22:27', '2019-11-30 15:22:27'),
(83, 'Perspiciatis ut est.', 'perspiciatis-ut-est', 8, 'Veniam cumque qui totam nemo aperiam voluptate.', 21, '2019-11-30 15:22:27', '2019-11-30 15:22:27'),
(84, 'Doloribus et.', 'doloribus-et', 8, 'Necessitatibus excepturi adipisci atque qui molestias eius.', 29, '2019-11-30 15:22:27', '2019-11-30 15:22:27'),
(85, 'Numquam atque id.', 'numquam-atque-id', 8, 'Et perferendis eligendi voluptas aut soluta nihil.', 31, '2019-11-30 15:22:27', '2019-11-30 15:22:27'),
(86, 'Aut corrupti dolor.', 'aut-corrupti-dolor', 8, 'Reiciendis enim et qui tempora deleniti voluptatem doloribus.', 15, '2019-11-30 15:22:27', '2019-11-30 15:22:27'),
(87, 'Aspernatur dolores assumenda.', 'aspernatur-dolores-assumenda', 8, 'In iste placeat sapiente et esse harum officia.', 23, '2019-11-30 15:22:27', '2019-11-30 15:22:27'),
(88, 'Voluptate nobis.', 'voluptate-nobis', 9, 'A et cumque deleniti officiis qui repudiandae explicabo.', 34, '2019-11-30 15:22:27', '2019-11-30 15:22:27'),
(89, 'Modi fuga.', 'modi-fuga', 9, 'Accusantium tenetur non placeat mollitia ut.', 28, '2019-11-30 15:22:27', '2019-11-30 15:22:27'),
(90, 'Saepe dolorem qui.', 'saepe-dolorem-qui', 9, 'Sit quia qui iure magni est neque consequuntur quo.', 31, '2019-11-30 15:22:27', '2019-11-30 15:22:27'),
(91, 'Itaque aliquid ipsum.', 'itaque-aliquid-ipsum', 9, 'Dolores et atque eius eum ex voluptatum voluptatem.', 18, '2019-11-30 15:22:27', '2019-11-30 15:22:27'),
(92, 'Eos soluta.', 'eos-soluta', 9, 'Omnis dolorem voluptates itaque tempora nam libero atque.', 27, '2019-11-30 15:22:27', '2019-11-30 15:22:27'),
(93, 'Sequi molestiae.', 'sequi-molestiae', 9, 'Quasi veniam accusantium dignissimos quas ut reprehenderit ut.', 30, '2019-11-30 15:22:27', '2019-11-30 15:22:27'),
(94, 'Architecto iure distinctio.', 'architecto-iure-distinctio', 9, 'Ullam quas tenetur error enim odio dolores hic.', 10, '2019-11-30 15:22:27', '2019-11-30 15:22:27'),
(95, 'Non aperiam perspiciatis.', 'non-aperiam-perspiciatis', 9, 'Non tenetur optio dolores tempore.', 9, '2019-11-30 15:22:27', '2019-11-30 15:22:27'),
(96, 'Quae ut.', 'quae-ut', 9, 'Dolores quia sed quam nisi ipsum.', 22, '2019-11-30 15:22:27', '2019-11-30 15:22:27'),
(97, 'Quasi tenetur.', 'quasi-tenetur', 9, 'Modi omnis iusto quis ut nam assumenda autem.', 19, '2019-11-30 15:22:27', '2019-11-30 15:22:27'),
(98, 'Voluptate quisquam quibusdam.', 'voluptate-quisquam-quibusdam', 9, 'Sit ea eum repudiandae molestiae in error.', 36, '2019-11-30 15:22:27', '2019-11-30 15:22:27'),
(99, 'Error eum.', 'error-eum', 9, 'Qui quam laborum porro sed.', 23, '2019-11-30 15:22:27', '2019-11-30 15:22:27'),
(100, 'Et sapiente maiores.', 'et-sapiente-maiores', 9, 'Mollitia quis recusandae doloribus rem ipsam aut.', 31, '2019-11-30 15:22:27', '2019-11-30 15:22:27'),
(101, 'Voluptates quod maiores.', 'voluptates-quod-maiores', 9, 'Eveniet officia tempore commodi labore cum facere.', 10, '2019-11-30 15:22:27', '2019-11-30 15:22:27'),
(102, 'Aspernatur quo.', 'aspernatur-quo', 9, 'Adipisci aperiam est sequi.', 19, '2019-11-30 15:22:27', '2019-11-30 15:22:27'),
(103, 'Nemo expedita.', 'nemo-expedita', 10, 'Corporis voluptatem qui ut minus beatae.', 9, '2019-11-30 15:22:27', '2019-11-30 15:22:27'),
(104, 'Harum magnam cumque.', 'harum-magnam-cumque', 10, 'Et facere dolorem odio vero et maiores.', 12, '2019-11-30 15:22:27', '2019-11-30 15:22:27'),
(105, 'Aut delectus fugit.', 'aut-delectus-fugit', 10, 'Ab eos dolorem officia suscipit labore recusandae.', 12, '2019-11-30 15:22:27', '2019-11-30 15:22:27'),
(106, 'Perspiciatis eum dolore.', 'perspiciatis-eum-dolore', 10, 'Sint incidunt qui non quae.', 34, '2019-11-30 15:22:27', '2019-11-30 15:22:27'),
(107, 'Iste sit.', 'iste-sit', 10, 'Suscipit laboriosam voluptate qui.', 19, '2019-11-30 15:22:27', '2019-11-30 15:22:27'),
(108, 'Magni dignissimos.', 'magni-dignissimos', 10, 'Aspernatur quidem voluptatem ut facilis hic rerum officia.', 32, '2019-11-30 15:22:27', '2019-11-30 15:22:27'),
(109, 'Velit consequatur.', 'velit-consequatur', 10, 'Recusandae voluptatem impedit quos earum.', 32, '2019-11-30 15:22:27', '2019-11-30 15:22:27'),
(110, 'Ut eaque ea.', 'ut-eaque-ea', 10, 'Iste culpa sunt recusandae illo dolore molestias et explicabo.', 8, '2019-11-30 15:22:27', '2019-11-30 15:22:27'),
(111, 'Eligendi esse.', 'eligendi-esse', 10, 'Eum nihil labore sequi.', 34, '2019-11-30 15:22:27', '2019-11-30 15:22:27'),
(112, 'Dolor dolor.', 'dolor-dolor', 10, 'Rerum voluptatibus sunt voluptatem est et dolores.', 35, '2019-11-30 15:22:27', '2019-11-30 15:22:27'),
(113, 'Nam provident.', 'nam-provident', 10, 'Molestias dolorem reiciendis provident repellat enim.', 13, '2019-11-30 15:22:27', '2019-11-30 15:22:27'),
(114, 'Iusto tempore laboriosam.', 'iusto-tempore-laboriosam', 10, 'Optio incidunt et qui quasi enim.', 36, '2019-11-30 15:22:27', '2019-11-30 15:22:27'),
(115, 'Voluptas libero aut.', 'voluptas-libero-aut', 10, 'Numquam sit ullam dicta.', 32, '2019-11-30 15:22:27', '2019-11-30 15:22:27'),
(116, 'Atque quam ipsa.', 'atque-quam-ipsa', 10, 'Harum a ad quas voluptas.', 21, '2019-11-30 15:22:27', '2019-11-30 15:22:27');

-- --------------------------------------------------------

--
-- Table structure for table `users`
--

CREATE TABLE `users` (
  `id` bigint(20) UNSIGNED NOT NULL,
  `name` varchar(191) COLLATE utf8mb4_unicode_ci NOT NULL,
  `email` varchar(191) COLLATE utf8mb4_unicode_ci NOT NULL,
  `email_verified_at` timestamp NULL DEFAULT NULL,
  `is_admin` varchar(191) COLLATE utf8mb4_unicode_ci NOT NULL DEFAULT 'false',
  `password` varchar(191) COLLATE utf8mb4_unicode_ci NOT NULL,
  `remember_token` varchar(100) COLLATE utf8mb4_unicode_ci DEFAULT NULL,
  `created_at` timestamp NULL DEFAULT NULL,
  `updated_at` timestamp NULL DEFAULT NULL
) ENGINE=InnoDB DEFAULT CHARSET=utf8mb4 COLLATE=utf8mb4_unicode_ci;

--
-- Dumping data for table `users`
--

INSERT INTO `users` (`id`, `name`, `email`, `email_verified_at`, `is_admin`, `password`, `remember_token`, `created_at`, `updated_at`) VALUES
(1, 'Hans Lindgren', 'hahn.kara@example.com', '2019-11-30 15:22:24', 'false', '$2y$10$92IXUNpkjO0rOQ5byMi.Ye4oKoEa3Ro9llC/.og/at2.uheWG/igi', 'v9w9pNqSjR', '2019-11-30 15:22:24', '2019-11-30 15:22:24'),
(2, 'Mr. Carey Waters', 'lindgren.alfred@example.com', '2019-11-30 15:22:24', 'false', '$2y$10$92IXUNpkjO0rOQ5byMi.Ye4oKoEa3Ro9llC/.og/at2.uheWG/igi', 'Hi7nDPdOTp', '2019-11-30 15:22:24', '2019-11-30 15:22:24'),
(3, 'Werner Haag', 'jessy.williamson@example.com', '2019-11-30 15:22:24', 'false', '$2y$10$92IXUNpkjO0rOQ5byMi.Ye4oKoEa3Ro9llC/.og/at2.uheWG/igi', 'ImIABRyDbL', '2019-11-30 15:22:24', '2019-11-30 15:22:24'),
(4, 'Milton Watsica', 'lauryn09@example.com', '2019-11-30 15:22:24', 'false', '$2y$10$92IXUNpkjO0rOQ5byMi.Ye4oKoEa3Ro9llC/.og/at2.uheWG/igi', '3MkMng3MLq', '2019-11-30 15:22:24', '2019-11-30 15:22:24'),
(5, 'Brennan Stiedemann III', 'elmore.tillman@example.net', '2019-11-30 15:22:24', 'false', '$2y$10$92IXUNpkjO0rOQ5byMi.Ye4oKoEa3Ro9llC/.og/at2.uheWG/igi', 'ZJmCbp5xAF', '2019-11-30 15:22:24', '2019-11-30 15:22:24'),
(6, 'Prof. Barton Schmeler II', 'landen.satterfield@example.org', '2019-11-30 15:22:24', 'false', '$2y$10$92IXUNpkjO0rOQ5byMi.Ye4oKoEa3Ro9llC/.og/at2.uheWG/igi', 'sQOnfYgbu0', '2019-11-30 15:22:24', '2019-11-30 15:22:24'),
(7, 'Dr. Ismael Ziemann III', 'sarina47@example.com', '2019-11-30 15:22:24', 'false', '$2y$10$92IXUNpkjO0rOQ5byMi.Ye4oKoEa3Ro9llC/.og/at2.uheWG/igi', 'eKBaw0qNJb', '2019-11-30 15:22:24', '2019-11-30 15:22:24'),
(8, 'Gus Leannon DDS', 'cielo.bernier@example.org', '2019-11-30 15:22:24', 'false', '$2y$10$92IXUNpkjO0rOQ5byMi.Ye4oKoEa3Ro9llC/.og/at2.uheWG/igi', 'zncyyQwfEl', '2019-11-30 15:22:24', '2019-11-30 15:22:24'),
(9, 'Otilia McDermott', 'neva44@example.com', '2019-11-30 15:22:24', 'false', '$2y$10$92IXUNpkjO0rOQ5byMi.Ye4oKoEa3Ro9llC/.og/at2.uheWG/igi', '3YZVtGapE6', '2019-11-30 15:22:24', '2019-11-30 15:22:24'),
(10, 'Izabella Haag', 'quinton.skiles@example.org', '2019-11-30 15:22:24', 'false', '$2y$10$92IXUNpkjO0rOQ5byMi.Ye4oKoEa3Ro9llC/.og/at2.uheWG/igi', '0Y47bGXSZS', '2019-11-30 15:22:24', '2019-11-30 15:22:24'),
(11, 'Marlee Cremin IV', 'fleuschke@example.com', '2019-11-30 15:22:24', 'false', '$2y$10$92IXUNpkjO0rOQ5byMi.Ye4oKoEa3Ro9llC/.og/at2.uheWG/igi', 'RfPIW53DHH', '2019-11-30 15:22:24', '2019-11-30 15:22:24'),
(12, 'Dr. Hank Reilly', 'judah90@example.net', '2019-11-30 15:22:24', 'false', '$2y$10$92IXUNpkjO0rOQ5byMi.Ye4oKoEa3Ro9llC/.og/at2.uheWG/igi', 'V6WGu8pPo4', '2019-11-30 15:22:24', '2019-11-30 15:22:24'),
(13, 'Gardner Spinka', 'prunolfsdottir@example.net', '2019-11-30 15:22:24', 'false', '$2y$10$92IXUNpkjO0rOQ5byMi.Ye4oKoEa3Ro9llC/.og/at2.uheWG/igi', 'GRDb5V47tu', '2019-11-30 15:22:24', '2019-11-30 15:22:24'),
(14, 'Miss Nya Welch DDS', 'spinka.cletus@example.org', '2019-11-30 15:22:24', 'false', '$2y$10$92IXUNpkjO0rOQ5byMi.Ye4oKoEa3Ro9llC/.og/at2.uheWG/igi', 'PkyveUDVwJ', '2019-11-30 15:22:24', '2019-11-30 15:22:24'),
(15, 'Leonie Renner', 'kconnelly@example.net', '2019-11-30 15:22:24', 'false', '$2y$10$92IXUNpkjO0rOQ5byMi.Ye4oKoEa3Ro9llC/.og/at2.uheWG/igi', 'iyJ6PZlqbP', '2019-11-30 15:22:24', '2019-11-30 15:22:24'),
(16, 'Prof. Breanne Monahan MD', 'lprosacco@example.net', '2019-11-30 15:22:24', 'false', '$2y$10$92IXUNpkjO0rOQ5byMi.Ye4oKoEa3Ro9llC/.og/at2.uheWG/igi', 'eDaUMHPs1c', '2019-11-30 15:22:24', '2019-11-30 15:22:24'),
(17, 'Prof. Hailie Pouros', 'dlittel@example.com', '2019-11-30 15:22:24', 'false', '$2y$10$92IXUNpkjO0rOQ5byMi.Ye4oKoEa3Ro9llC/.og/at2.uheWG/igi', 'vebO0Z9Fel', '2019-11-30 15:22:24', '2019-11-30 15:22:24'),
(18, 'Lucius Hills', 'quinten37@example.org', '2019-11-30 15:22:24', 'false', '$2y$10$92IXUNpkjO0rOQ5byMi.Ye4oKoEa3Ro9llC/.og/at2.uheWG/igi', 'YlWky4jf62', '2019-11-30 15:22:24', '2019-11-30 15:22:24'),
(19, 'Selina Waelchi DVM', 'unique87@example.net', '2019-11-30 15:22:24', 'false', '$2y$10$92IXUNpkjO0rOQ5byMi.Ye4oKoEa3Ro9llC/.og/at2.uheWG/igi', 'Tf9A8VObdm', '2019-11-30 15:22:24', '2019-11-30 15:22:24'),
(20, 'Prof. Augustus Jast IV', 'emckenzie@example.com', '2019-11-30 15:22:24', 'false', '$2y$10$92IXUNpkjO0rOQ5byMi.Ye4oKoEa3Ro9llC/.og/at2.uheWG/igi', '4PzZdJFdcF', '2019-11-30 15:22:24', '2019-11-30 15:22:24'),
(21, 'Mrs. Alvena Nikolaus', 'ryan57@example.org', '2019-11-30 15:22:24', 'false', '$2y$10$92IXUNpkjO0rOQ5byMi.Ye4oKoEa3Ro9llC/.og/at2.uheWG/igi', 'i052Dbr57R', '2019-11-30 15:22:24', '2019-11-30 15:22:24'),
(22, 'Elda Mosciski', 'yklein@example.net', '2019-11-30 15:22:24', 'false', '$2y$10$92IXUNpkjO0rOQ5byMi.Ye4oKoEa3Ro9llC/.og/at2.uheWG/igi', '1NJ0fR7XAi', '2019-11-30 15:22:24', '2019-11-30 15:22:24'),
(23, 'Chasity Herzog', 'schmidt.erik@example.net', '2019-11-30 15:22:24', 'false', '$2y$10$92IXUNpkjO0rOQ5byMi.Ye4oKoEa3Ro9llC/.og/at2.uheWG/igi', 'jk7RGMAEZy', '2019-11-30 15:22:24', '2019-11-30 15:22:24'),
(24, 'Angelo Strosin', 'jana95@example.com', '2019-11-30 15:22:24', 'false', '$2y$10$92IXUNpkjO0rOQ5byMi.Ye4oKoEa3Ro9llC/.og/at2.uheWG/igi', '7htPVLmunY', '2019-11-30 15:22:24', '2019-11-30 15:22:24'),
(25, 'Prof. Unique Mosciski', 'elizabeth.towne@example.org', '2019-11-30 15:22:24', 'false', '$2y$10$92IXUNpkjO0rOQ5byMi.Ye4oKoEa3Ro9llC/.og/at2.uheWG/igi', '543szXdTr7', '2019-11-30 15:22:24', '2019-11-30 15:22:24'),
(26, 'Gregory Ondricka', 'savannah83@example.com', '2019-11-30 15:22:24', 'false', '$2y$10$92IXUNpkjO0rOQ5byMi.Ye4oKoEa3Ro9llC/.og/at2.uheWG/igi', '16A3aeGp6x', '2019-11-30 15:22:24', '2019-11-30 15:22:24'),
(27, 'Julia Wuckert', 'ctillman@example.org', '2019-11-30 15:22:24', 'false', '$2y$10$92IXUNpkjO0rOQ5byMi.Ye4oKoEa3Ro9llC/.og/at2.uheWG/igi', 'ijcnNsWLQz', '2019-11-30 15:22:24', '2019-11-30 15:22:24'),
(28, 'Clare Considine MD', 'lesly54@example.com', '2019-11-30 15:22:24', 'false', '$2y$10$92IXUNpkjO0rOQ5byMi.Ye4oKoEa3Ro9llC/.og/at2.uheWG/igi', 'MAJLz8losu', '2019-11-30 15:22:24', '2019-11-30 15:22:24'),
(29, 'Haven Kuvalis', 'mmiller@example.org', '2019-11-30 15:22:24', 'false', '$2y$10$92IXUNpkjO0rOQ5byMi.Ye4oKoEa3Ro9llC/.og/at2.uheWG/igi', 'J3yNIJvgQa', '2019-11-30 15:22:24', '2019-11-30 15:22:24'),
(30, 'Mertie Wehner', 'elenora.dicki@example.org', '2019-11-30 15:22:24', 'false', '$2y$10$92IXUNpkjO0rOQ5byMi.Ye4oKoEa3Ro9llC/.og/at2.uheWG/igi', 'N8FydQr1MO', '2019-11-30 15:22:24', '2019-11-30 15:22:24'),
(31, 'Ludwig Eichmann', 'schumm.merle@example.com', '2019-11-30 15:22:24', 'false', '$2y$10$92IXUNpkjO0rOQ5byMi.Ye4oKoEa3Ro9llC/.og/at2.uheWG/igi', 'U9qr66JhBq', '2019-11-30 15:22:24', '2019-11-30 15:22:24'),
(32, 'Reta Hettinger', 'santiago07@example.org', '2019-11-30 15:22:24', 'false', '$2y$10$92IXUNpkjO0rOQ5byMi.Ye4oKoEa3Ro9llC/.og/at2.uheWG/igi', 'tlPr0zoSd4', '2019-11-30 15:22:24', '2019-11-30 15:22:24'),
(33, 'Ms. Lelah Kemmer', 'rking@example.net', '2019-11-30 15:22:24', 'false', '$2y$10$92IXUNpkjO0rOQ5byMi.Ye4oKoEa3Ro9llC/.og/at2.uheWG/igi', 'uUjmtkaXpc', '2019-11-30 15:22:24', '2019-11-30 15:22:24'),
(34, 'Rachael Hand', 'freeda17@example.net', '2019-11-30 15:22:24', 'false', '$2y$10$92IXUNpkjO0rOQ5byMi.Ye4oKoEa3Ro9llC/.og/at2.uheWG/igi', '1zECsIFOW1', '2019-11-30 15:22:24', '2019-11-30 15:22:24'),
(35, 'Mr. Emmanuel Carroll', 'zdubuque@example.net', '2019-11-30 15:22:24', 'false', '$2y$10$92IXUNpkjO0rOQ5byMi.Ye4oKoEa3Ro9llC/.og/at2.uheWG/igi', 'oca5R5uD4u', '2019-11-30 15:22:24', '2019-11-30 15:22:24'),
(36, 'Gudrun Beer', 'mariela13@example.org', '2019-11-30 15:22:24', 'false', '$2y$10$92IXUNpkjO0rOQ5byMi.Ye4oKoEa3Ro9llC/.og/at2.uheWG/igi', 'TXuOhhud5I', '2019-11-30 15:22:24', '2019-11-30 15:22:24'),
(37, 'Nickolas Balistreri', 'ellie47@example.net', '2019-11-30 15:22:24', 'false', '$2y$10$92IXUNpkjO0rOQ5byMi.Ye4oKoEa3Ro9llC/.og/at2.uheWG/igi', 'MiW79End1U', '2019-11-30 15:22:24', '2019-11-30 15:22:24'),
(38, 'Robb Langosh', 'auer.lorena@example.org', '2019-11-30 15:22:24', 'false', '$2y$10$92IXUNpkjO0rOQ5byMi.Ye4oKoEa3Ro9llC/.og/at2.uheWG/igi', 'LLDhOocUTZ', '2019-11-30 15:22:24', '2019-11-30 15:22:24'),
(39, 'Daphnee Will', 'ismael.shanahan@example.org', '2019-11-30 15:22:24', 'false', '$2y$10$92IXUNpkjO0rOQ5byMi.Ye4oKoEa3Ro9llC/.og/at2.uheWG/igi', 'MNt2k9LmCn', '2019-11-30 15:22:24', '2019-11-30 15:22:24'),
(40, 'Caleigh Smitham DDS', 'glover.mac@example.com', '2019-11-30 15:22:24', 'false', '$2y$10$92IXUNpkjO0rOQ5byMi.Ye4oKoEa3Ro9llC/.og/at2.uheWG/igi', 'whIN0MMTz5', '2019-11-30 15:22:24', '2019-11-30 15:22:24'),
(41, 'Dominique Kemmer', 'eldon.crona@example.org', '2019-11-30 15:22:24', 'false', '$2y$10$92IXUNpkjO0rOQ5byMi.Ye4oKoEa3Ro9llC/.og/at2.uheWG/igi', 'Jx5oZ6E8n1', '2019-11-30 15:22:24', '2019-11-30 15:22:24'),
(42, 'Amely Volkman', 'brett26@example.com', '2019-11-30 15:22:24', 'false', '$2y$10$92IXUNpkjO0rOQ5byMi.Ye4oKoEa3Ro9llC/.og/at2.uheWG/igi', 'b6bfVx2Sqd', '2019-11-30 15:22:24', '2019-11-30 15:22:24'),
(43, 'Tobin Jacobs', 'augusta40@example.com', '2019-11-30 15:22:24', 'false', '$2y$10$92IXUNpkjO0rOQ5byMi.Ye4oKoEa3Ro9llC/.og/at2.uheWG/igi', 'b8zR3BUaZy', '2019-11-30 15:22:24', '2019-11-30 15:22:24'),
(44, 'Alfredo Bins', 'ohill@example.net', '2019-11-30 15:22:24', 'false', '$2y$10$92IXUNpkjO0rOQ5byMi.Ye4oKoEa3Ro9llC/.og/at2.uheWG/igi', 'tvKjHAj5DH', '2019-11-30 15:22:24', '2019-11-30 15:22:24'),
(45, 'Dr. Moses Kilback', 'scarlett.fahey@example.org', '2019-11-30 15:22:24', 'false', '$2y$10$92IXUNpkjO0rOQ5byMi.Ye4oKoEa3Ro9llC/.og/at2.uheWG/igi', 'kQkUY8DDsi', '2019-11-30 15:22:24', '2019-11-30 15:22:24'),
(46, 'Americo Rosenbaum', 'graham.howell@example.org', '2019-11-30 15:22:24', 'false', '$2y$10$92IXUNpkjO0rOQ5byMi.Ye4oKoEa3Ro9llC/.og/at2.uheWG/igi', 'KZEKV6mOof', '2019-11-30 15:22:24', '2019-11-30 15:22:24'),
(47, 'Sylvia Gulgowski III', 'greenholt.calista@example.net', '2019-11-30 15:22:24', 'false', '$2y$10$92IXUNpkjO0rOQ5byMi.Ye4oKoEa3Ro9llC/.og/at2.uheWG/igi', 'yzSt3shDHc', '2019-11-30 15:22:24', '2019-11-30 15:22:24'),
(48, 'Erika Jones', 'obarton@example.com', '2019-11-30 15:22:24', 'false', '$2y$10$92IXUNpkjO0rOQ5byMi.Ye4oKoEa3Ro9llC/.og/at2.uheWG/igi', 'LEaA5BqGeK', '2019-11-30 15:22:24', '2019-11-30 15:22:24'),
(49, 'Wallace Kling', 'cquitzon@example.org', '2019-11-30 15:22:24', 'false', '$2y$10$92IXUNpkjO0rOQ5byMi.Ye4oKoEa3Ro9llC/.og/at2.uheWG/igi', '7mkwLkUegG', '2019-11-30 15:22:24', '2019-11-30 15:22:24'),
(50, 'Mrs. Esmeralda D\'Amore', 'jaskolski.ernestine@example.com', '2019-11-30 15:22:24', 'false', '$2y$10$92IXUNpkjO0rOQ5byMi.Ye4oKoEa3Ro9llC/.og/at2.uheWG/igi', 'bJkpccRzaa', '2019-11-30 15:22:24', '2019-11-30 15:22:24'),
(51, 'Louisa Romaguera DVM', 'willard.brown@example.org', '2019-11-30 15:22:24', 'false', '$2y$10$92IXUNpkjO0rOQ5byMi.Ye4oKoEa3Ro9llC/.og/at2.uheWG/igi', 'ABpKPn8mRu', '2019-11-30 15:22:24', '2019-11-30 15:22:24'),
(52, 'Hazel Emmerich', 'leif.glover@example.com', '2019-11-30 15:22:24', 'false', '$2y$10$92IXUNpkjO0rOQ5byMi.Ye4oKoEa3Ro9llC/.og/at2.uheWG/igi', 'LVbqVatsBv', '2019-11-30 15:22:24', '2019-11-30 15:22:24'),
(53, 'Marty Steuber', 'uwisoky@example.com', '2019-11-30 15:22:24', 'false', '$2y$10$92IXUNpkjO0rOQ5byMi.Ye4oKoEa3Ro9llC/.og/at2.uheWG/igi', 'Wv3MKh9ivm', '2019-11-30 15:22:24', '2019-11-30 15:22:24'),
(54, 'Annabelle Marvin', 'andreane.eichmann@example.com', '2019-11-30 15:22:24', 'false', '$2y$10$92IXUNpkjO0rOQ5byMi.Ye4oKoEa3Ro9llC/.og/at2.uheWG/igi', 'A48Def0W4g', '2019-11-30 15:22:24', '2019-11-30 15:22:24'),
(55, 'Leda Farrell', 'idella.carroll@example.com', '2019-11-30 15:22:24', 'false', '$2y$10$92IXUNpkjO0rOQ5byMi.Ye4oKoEa3Ro9llC/.og/at2.uheWG/igi', 'NClqQALAsm', '2019-11-30 15:22:24', '2019-11-30 15:22:24'),
(56, 'Garret Predovic II', 'ffriesen@example.net', '2019-11-30 15:22:24', 'false', '$2y$10$92IXUNpkjO0rOQ5byMi.Ye4oKoEa3Ro9llC/.og/at2.uheWG/igi', 'hrM1Aru7qy', '2019-11-30 15:22:24', '2019-11-30 15:22:24'),
(57, 'Mr. Tyrell Kemmer Sr.', 'emmie.larkin@example.org', '2019-11-30 15:22:24', 'false', '$2y$10$92IXUNpkjO0rOQ5byMi.Ye4oKoEa3Ro9llC/.og/at2.uheWG/igi', '4AX5KoBLAA', '2019-11-30 15:22:24', '2019-11-30 15:22:24'),
(58, 'Prof. Santos Simonis DDS', 'goodwin.matilde@example.org', '2019-11-30 15:22:24', 'false', '$2y$10$92IXUNpkjO0rOQ5byMi.Ye4oKoEa3Ro9llC/.og/at2.uheWG/igi', 'YljSlNSPWF', '2019-11-30 15:22:24', '2019-11-30 15:22:24'),
(59, 'Abelardo O\'Keefe', 'josiane64@example.org', '2019-11-30 15:22:24', 'false', '$2y$10$92IXUNpkjO0rOQ5byMi.Ye4oKoEa3Ro9llC/.og/at2.uheWG/igi', 'kj697OArWK', '2019-11-30 15:22:24', '2019-11-30 15:22:24'),
(60, 'Barrett Kirlin', 'flatley.nedra@example.com', '2019-11-30 15:22:24', 'false', '$2y$10$92IXUNpkjO0rOQ5byMi.Ye4oKoEa3Ro9llC/.og/at2.uheWG/igi', '40iwyEbxsC', '2019-11-30 15:22:24', '2019-11-30 15:22:24'),
(61, 'Prof. Aileen Schimmel', 'kamille09@example.org', '2019-11-30 15:22:24', 'false', '$2y$10$92IXUNpkjO0rOQ5byMi.Ye4oKoEa3Ro9llC/.og/at2.uheWG/igi', 'rQWKNCY3J7', '2019-11-30 15:22:24', '2019-11-30 15:22:24'),
(62, 'Elta Cronin', 'kaelyn66@example.org', '2019-11-30 15:22:24', 'false', '$2y$10$92IXUNpkjO0rOQ5byMi.Ye4oKoEa3Ro9llC/.og/at2.uheWG/igi', 'yod5OlQzFi', '2019-11-30 15:22:24', '2019-11-30 15:22:24'),
(63, 'Grayson Frami DDS', 'kenna.toy@example.com', '2019-11-30 15:22:24', 'false', '$2y$10$92IXUNpkjO0rOQ5byMi.Ye4oKoEa3Ro9llC/.og/at2.uheWG/igi', '5UlJWLpJRT', '2019-11-30 15:22:24', '2019-11-30 15:22:24'),
(64, 'Miss Kali Howe', 'egislason@example.com', '2019-11-30 15:22:24', 'false', '$2y$10$92IXUNpkjO0rOQ5byMi.Ye4oKoEa3Ro9llC/.og/at2.uheWG/igi', 'ouluy1recr', '2019-11-30 15:22:24', '2019-11-30 15:22:24'),
(65, 'Elvis Sanford Sr.', 'qblanda@example.net', '2019-11-30 15:22:24', 'false', '$2y$10$92IXUNpkjO0rOQ5byMi.Ye4oKoEa3Ro9llC/.og/at2.uheWG/igi', 'WQm4OdeGyu', '2019-11-30 15:22:24', '2019-11-30 15:22:24'),
(66, 'Darion Luettgen I', 'lehner.alan@example.org', '2019-11-30 15:22:24', 'false', '$2y$10$92IXUNpkjO0rOQ5byMi.Ye4oKoEa3Ro9llC/.og/at2.uheWG/igi', 'Hylg6GzQH7', '2019-11-30 15:22:24', '2019-11-30 15:22:24'),
(67, 'Curtis Hessel', 'tgerlach@example.net', '2019-11-30 15:22:24', 'false', '$2y$10$92IXUNpkjO0rOQ5byMi.Ye4oKoEa3Ro9llC/.og/at2.uheWG/igi', 'rYOWZTzvB3', '2019-11-30 15:22:24', '2019-11-30 15:22:24'),
(68, 'Casandra Boyer', 'brown.gisselle@example.org', '2019-11-30 15:22:24', 'false', '$2y$10$92IXUNpkjO0rOQ5byMi.Ye4oKoEa3Ro9llC/.og/at2.uheWG/igi', 'A4eIzkAHG9', '2019-11-30 15:22:24', '2019-11-30 15:22:24'),
(69, 'Sabryna Konopelski V', 'ferne55@example.net', '2019-11-30 15:22:24', 'false', '$2y$10$92IXUNpkjO0rOQ5byMi.Ye4oKoEa3Ro9llC/.og/at2.uheWG/igi', 'fTr8X7Hzk9', '2019-11-30 15:22:24', '2019-11-30 15:22:24'),
(70, 'Alanna O\'Reilly', 'feil.wendell@example.com', '2019-11-30 15:22:24', 'false', '$2y$10$92IXUNpkjO0rOQ5byMi.Ye4oKoEa3Ro9llC/.og/at2.uheWG/igi', 'hZniEXz38C', '2019-11-30 15:22:24', '2019-11-30 15:22:24'),
(71, 'Ms. Ilene Osinski', 'ucummings@example.net', '2019-11-30 15:22:24', 'false', '$2y$10$92IXUNpkjO0rOQ5byMi.Ye4oKoEa3Ro9llC/.og/at2.uheWG/igi', 'v459chkn07', '2019-11-30 15:22:24', '2019-11-30 15:22:24'),
(72, 'Miss Bette Ruecker MD', 'judd82@example.net', '2019-11-30 15:22:24', 'false', '$2y$10$92IXUNpkjO0rOQ5byMi.Ye4oKoEa3Ro9llC/.og/at2.uheWG/igi', 'Vv1TbNYScm', '2019-11-30 15:22:24', '2019-11-30 15:22:24'),
(73, 'Prof. Miller Flatley IV', 'wisozk.nicola@example.net', '2019-11-30 15:22:24', 'false', '$2y$10$92IXUNpkjO0rOQ5byMi.Ye4oKoEa3Ro9llC/.og/at2.uheWG/igi', 'YkTRxZkp3O', '2019-11-30 15:22:24', '2019-11-30 15:22:24'),
(74, 'Eleanora Okuneva', 'dax75@example.org', '2019-11-30 15:22:24', 'false', '$2y$10$92IXUNpkjO0rOQ5byMi.Ye4oKoEa3Ro9llC/.og/at2.uheWG/igi', 'HZ2OBAc42b', '2019-11-30 15:22:24', '2019-11-30 15:22:24'),
(75, 'Arturo Schumm', 'vwatsica@example.net', '2019-11-30 15:22:24', 'false', '$2y$10$92IXUNpkjO0rOQ5byMi.Ye4oKoEa3Ro9llC/.og/at2.uheWG/igi', 'DNv8KWj94I', '2019-11-30 15:22:24', '2019-11-30 15:22:24'),
(76, 'Shayna Oberbrunner', 'erika.ryan@example.net', '2019-11-30 15:22:24', 'false', '$2y$10$92IXUNpkjO0rOQ5byMi.Ye4oKoEa3Ro9llC/.og/at2.uheWG/igi', 'Pwhq5yiVcS', '2019-11-30 15:22:24', '2019-11-30 15:22:24'),
(77, 'Missouri Kessler', 'cortney61@example.com', '2019-11-30 15:22:24', 'false', '$2y$10$92IXUNpkjO0rOQ5byMi.Ye4oKoEa3Ro9llC/.og/at2.uheWG/igi', 'SKe3hlxvEz', '2019-11-30 15:22:24', '2019-11-30 15:22:24'),
(78, 'Jaylin Hane', 'hhauck@example.com', '2019-11-30 15:22:24', 'false', '$2y$10$92IXUNpkjO0rOQ5byMi.Ye4oKoEa3Ro9llC/.og/at2.uheWG/igi', '1OWwLflYea', '2019-11-30 15:22:24', '2019-11-30 15:22:24'),
(79, 'Zackary Ruecker', 'vluettgen@example.com', '2019-11-30 15:22:24', 'false', '$2y$10$92IXUNpkjO0rOQ5byMi.Ye4oKoEa3Ro9llC/.og/at2.uheWG/igi', 'ZK1MhyNKh4', '2019-11-30 15:22:24', '2019-11-30 15:22:24'),
(80, 'Kadin Green', 'qwilkinson@example.net', '2019-11-30 15:22:24', 'false', '$2y$10$92IXUNpkjO0rOQ5byMi.Ye4oKoEa3Ro9llC/.og/at2.uheWG/igi', 'VgLuRyMeBf', '2019-11-30 15:22:24', '2019-11-30 15:22:24'),
(81, 'Margot Hoeger', 'elva94@example.org', '2019-11-30 15:22:24', 'false', '$2y$10$92IXUNpkjO0rOQ5byMi.Ye4oKoEa3Ro9llC/.og/at2.uheWG/igi', 'dmQxwy25OA', '2019-11-30 15:22:24', '2019-11-30 15:22:24'),
(82, 'London Weimann', 'rempel.bridie@example.net', '2019-11-30 15:22:24', 'false', '$2y$10$92IXUNpkjO0rOQ5byMi.Ye4oKoEa3Ro9llC/.og/at2.uheWG/igi', 'cpVCXIxJHW', '2019-11-30 15:22:24', '2019-11-30 15:22:24'),
(83, 'Percy Breitenberg', 'bartoletti.sarah@example.com', '2019-11-30 15:22:24', 'false', '$2y$10$92IXUNpkjO0rOQ5byMi.Ye4oKoEa3Ro9llC/.og/at2.uheWG/igi', 'SMqxezcA6G', '2019-11-30 15:22:24', '2019-11-30 15:22:24'),
(84, 'Rhianna Kuvalis', 'brant78@example.com', '2019-11-30 15:22:24', 'false', '$2y$10$92IXUNpkjO0rOQ5byMi.Ye4oKoEa3Ro9llC/.og/at2.uheWG/igi', 'Y7bqcxD9oU', '2019-11-30 15:22:24', '2019-11-30 15:22:24'),
(85, 'Elyse Pollich', 'bcremin@example.com', '2019-11-30 15:22:24', 'false', '$2y$10$92IXUNpkjO0rOQ5byMi.Ye4oKoEa3Ro9llC/.og/at2.uheWG/igi', 'BLlYYRTrdM', '2019-11-30 15:22:24', '2019-11-30 15:22:24'),
(86, 'Dr. Angus Schaden', 'ylegros@example.com', '2019-11-30 15:22:24', 'false', '$2y$10$92IXUNpkjO0rOQ5byMi.Ye4oKoEa3Ro9llC/.og/at2.uheWG/igi', 'o7ghab4Nyl', '2019-11-30 15:22:24', '2019-11-30 15:22:24'),
(87, 'Caleigh Kemmer', 'hartmann.devan@example.org', '2019-11-30 15:22:24', 'false', '$2y$10$92IXUNpkjO0rOQ5byMi.Ye4oKoEa3Ro9llC/.og/at2.uheWG/igi', 'nfjF5dRI8U', '2019-11-30 15:22:24', '2019-11-30 15:22:24'),
(88, 'Elenor Kihn', 'willy02@example.org', '2019-11-30 15:22:24', 'false', '$2y$10$92IXUNpkjO0rOQ5byMi.Ye4oKoEa3Ro9llC/.og/at2.uheWG/igi', 'DQrkCUhd8r', '2019-11-30 15:22:24', '2019-11-30 15:22:24'),
(89, 'Anne Schneider', 'garland11@example.net', '2019-11-30 15:22:24', 'false', '$2y$10$92IXUNpkjO0rOQ5byMi.Ye4oKoEa3Ro9llC/.og/at2.uheWG/igi', '7NkSl86DKk', '2019-11-30 15:22:24', '2019-11-30 15:22:24'),
(90, 'Mario Bednar', 'waldo.littel@example.net', '2019-11-30 15:22:24', 'false', '$2y$10$92IXUNpkjO0rOQ5byMi.Ye4oKoEa3Ro9llC/.og/at2.uheWG/igi', '6MTAsAP3mk', '2019-11-30 15:22:24', '2019-11-30 15:22:24'),
(91, 'Granville Cole', 'leffler.lenore@example.org', '2019-11-30 15:22:24', 'false', '$2y$10$92IXUNpkjO0rOQ5byMi.Ye4oKoEa3Ro9llC/.og/at2.uheWG/igi', 'VEksvhe5yQ', '2019-11-30 15:22:24', '2019-11-30 15:22:24'),
(92, 'Lonie Mayer', 'uriah.murray@example.org', '2019-11-30 15:22:24', 'false', '$2y$10$92IXUNpkjO0rOQ5byMi.Ye4oKoEa3Ro9llC/.og/at2.uheWG/igi', 'kYonnJu0u9', '2019-11-30 15:22:24', '2019-11-30 15:22:24'),
(93, 'Lucio Streich', 'genesis18@example.org', '2019-11-30 15:22:24', 'false', '$2y$10$92IXUNpkjO0rOQ5byMi.Ye4oKoEa3Ro9llC/.og/at2.uheWG/igi', 'NIbSkeceQQ', '2019-11-30 15:22:24', '2019-11-30 15:22:24'),
(94, 'Mervin Stanton', 'amelie.pouros@example.net', '2019-11-30 15:22:24', 'false', '$2y$10$92IXUNpkjO0rOQ5byMi.Ye4oKoEa3Ro9llC/.og/at2.uheWG/igi', 'qXx3bcCykm', '2019-11-30 15:22:24', '2019-11-30 15:22:24'),
(95, 'Dr. Benny Weissnat', 'bell.moen@example.com', '2019-11-30 15:22:24', 'false', '$2y$10$92IXUNpkjO0rOQ5byMi.Ye4oKoEa3Ro9llC/.og/at2.uheWG/igi', 'qXPi3FesPM', '2019-11-30 15:22:24', '2019-11-30 15:22:24'),
(96, 'Raymundo Oberbrunner', 'jayne.hoppe@example.com', '2019-11-30 15:22:24', 'false', '$2y$10$92IXUNpkjO0rOQ5byMi.Ye4oKoEa3Ro9llC/.og/at2.uheWG/igi', 'WGyVHife9L', '2019-11-30 15:22:24', '2019-11-30 15:22:24'),
(97, 'Anita Stamm Sr.', 'marvin.myra@example.com', '2019-11-30 15:22:24', 'false', '$2y$10$92IXUNpkjO0rOQ5byMi.Ye4oKoEa3Ro9llC/.og/at2.uheWG/igi', 'Ca0hgI7Tnw', '2019-11-30 15:22:24', '2019-11-30 15:22:24'),
(98, 'Prof. Desmond Feest', 'javier.gulgowski@example.com', '2019-11-30 15:22:24', 'false', '$2y$10$92IXUNpkjO0rOQ5byMi.Ye4oKoEa3Ro9llC/.og/at2.uheWG/igi', 'SgI4NbACHi', '2019-11-30 15:22:24', '2019-11-30 15:22:24'),
(99, 'Bo Carter', 'leannon.francisco@example.net', '2019-11-30 15:22:24', 'false', '$2y$10$92IXUNpkjO0rOQ5byMi.Ye4oKoEa3Ro9llC/.og/at2.uheWG/igi', 'XbZUKiqyUH', '2019-11-30 15:22:24', '2019-11-30 15:22:24'),
(100, 'Mr. Elroy Sipes DVM', 'marian08@example.net', '2019-11-30 15:22:24', 'false', '$2y$10$92IXUNpkjO0rOQ5byMi.Ye4oKoEa3Ro9llC/.og/at2.uheWG/igi', 'J2fkVWBLBf', '2019-11-30 15:22:24', '2019-11-30 15:22:24'),
(101, 'Gianni Schamberger', 'javonte.hauck@example.org', '2019-11-30 15:22:24', 'false', '$2y$10$92IXUNpkjO0rOQ5byMi.Ye4oKoEa3Ro9llC/.og/at2.uheWG/igi', 'ffShBJAsbw', '2019-11-30 15:22:24', '2019-11-30 15:22:24'),
(102, 'Leonel Predovic', 'ryder51@example.net', '2019-11-30 15:22:24', 'false', '$2y$10$92IXUNpkjO0rOQ5byMi.Ye4oKoEa3Ro9llC/.og/at2.uheWG/igi', 'Iep40Fs7HT', '2019-11-30 15:22:24', '2019-11-30 15:22:24'),
(103, 'Gilbert Deckow', 'jakubowski.justus@example.net', '2019-11-30 15:22:24', 'false', '$2y$10$92IXUNpkjO0rOQ5byMi.Ye4oKoEa3Ro9llC/.og/at2.uheWG/igi', '1Tz0gL1W8d', '2019-11-30 15:22:24', '2019-11-30 15:22:24'),
(104, 'Erich Nolan PhD', 'randall13@example.org', '2019-11-30 15:22:24', 'false', '$2y$10$92IXUNpkjO0rOQ5byMi.Ye4oKoEa3Ro9llC/.og/at2.uheWG/igi', 'zOR9TTiDQh', '2019-11-30 15:22:24', '2019-11-30 15:22:24'),
(105, 'Maybelle Schamberger', 'schaden.rahul@example.com', '2019-11-30 15:22:24', 'false', '$2y$10$92IXUNpkjO0rOQ5byMi.Ye4oKoEa3Ro9llC/.og/at2.uheWG/igi', 'soRozNPQsK', '2019-11-30 15:22:24', '2019-11-30 15:22:24'),
(106, 'Audra Simonis Sr.', 'juliana.turcotte@example.net', '2019-11-30 15:22:24', 'false', '$2y$10$92IXUNpkjO0rOQ5byMi.Ye4oKoEa3Ro9llC/.og/at2.uheWG/igi', 'xWX3TGR6f9', '2019-11-30 15:22:24', '2019-11-30 15:22:24'),
(107, 'Silas Sporer', 'rdickens@example.com', '2019-11-30 15:22:24', 'false', '$2y$10$92IXUNpkjO0rOQ5byMi.Ye4oKoEa3Ro9llC/.og/at2.uheWG/igi', 'ayPRsGxfbS', '2019-11-30 15:22:24', '2019-11-30 15:22:24'),
(108, 'Kristina Greenfelder', 'elyse72@example.net', '2019-11-30 15:22:24', 'false', '$2y$10$92IXUNpkjO0rOQ5byMi.Ye4oKoEa3Ro9llC/.og/at2.uheWG/igi', 'BsbjHSsCFL', '2019-11-30 15:22:24', '2019-11-30 15:22:24'),
(109, 'Prof. Antwan Wolf', 'clara.schamberger@example.com', '2019-11-30 15:22:24', 'false', '$2y$10$92IXUNpkjO0rOQ5byMi.Ye4oKoEa3Ro9llC/.og/at2.uheWG/igi', 'uAAXjxtzd8', '2019-11-30 15:22:24', '2019-11-30 15:22:24'),
(110, 'Sylvan Zemlak', 'caroline.schaden@example.com', '2019-11-30 15:22:24', 'false', '$2y$10$92IXUNpkjO0rOQ5byMi.Ye4oKoEa3Ro9llC/.og/at2.uheWG/igi', 'y1lRKXgteG', '2019-11-30 15:22:25', '2019-11-30 15:22:25'),
(111, 'Briana Conn', 'etha85@example.com', '2019-11-30 15:22:24', 'false', '$2y$10$92IXUNpkjO0rOQ5byMi.Ye4oKoEa3Ro9llC/.og/at2.uheWG/igi', 'CWp4jYwEog', '2019-11-30 15:22:25', '2019-11-30 15:22:25'),
(112, 'Kiel Kertzmann', 'turcotte.tom@example.com', '2019-11-30 15:22:24', 'false', '$2y$10$92IXUNpkjO0rOQ5byMi.Ye4oKoEa3Ro9llC/.og/at2.uheWG/igi', 'zkJKW5FTzZ', '2019-11-30 15:22:25', '2019-11-30 15:22:25'),
(113, 'Mrs. Vesta Homenick', 'shanon.weimann@example.com', '2019-11-30 15:22:24', 'false', '$2y$10$92IXUNpkjO0rOQ5byMi.Ye4oKoEa3Ro9llC/.og/at2.uheWG/igi', 'Myj5ypHVqY', '2019-11-30 15:22:25', '2019-11-30 15:22:25'),
(114, 'Prof. Jade Maggio Jr.', 'natasha79@example.net', '2019-11-30 15:22:24', 'false', '$2y$10$92IXUNpkjO0rOQ5byMi.Ye4oKoEa3Ro9llC/.og/at2.uheWG/igi', 'BjmxEqeAGY', '2019-11-30 15:22:25', '2019-11-30 15:22:25'),
(115, 'Florencio Smitham I', 'kobe.schaefer@example.org', '2019-11-30 15:22:24', 'false', '$2y$10$92IXUNpkjO0rOQ5byMi.Ye4oKoEa3Ro9llC/.og/at2.uheWG/igi', 'HNYMrjr3Ke', '2019-11-30 15:22:25', '2019-11-30 15:22:25'),
(116, 'Beryl Schinner', 'orn.aditya@example.net', '2019-11-30 15:22:24', 'false', '$2y$10$92IXUNpkjO0rOQ5byMi.Ye4oKoEa3Ro9llC/.og/at2.uheWG/igi', 'wC7WOcPUdT', '2019-11-30 15:22:25', '2019-11-30 15:22:25'),
(117, 'Wyman Legros', 'daryl.stehr@example.org', '2019-11-30 15:22:24', 'false', '$2y$10$92IXUNpkjO0rOQ5byMi.Ye4oKoEa3Ro9llC/.og/at2.uheWG/igi', 'MFg1kwmQtR', '2019-11-30 15:22:25', '2019-11-30 15:22:25'),
(118, 'Idell Bernhard', 'cstrosin@example.net', '2019-11-30 15:22:24', 'false', '$2y$10$92IXUNpkjO0rOQ5byMi.Ye4oKoEa3Ro9llC/.og/at2.uheWG/igi', 'Ri6N0h9NZk', '2019-11-30 15:22:25', '2019-11-30 15:22:25'),
(119, 'Ramona O\'Hara', 'mbeahan@example.net', '2019-11-30 15:22:24', 'false', '$2y$10$92IXUNpkjO0rOQ5byMi.Ye4oKoEa3Ro9llC/.og/at2.uheWG/igi', 'COh3h39uVP', '2019-11-30 15:22:25', '2019-11-30 15:22:25'),
(120, 'Savanah Mante PhD', 'deion65@example.net', '2019-11-30 15:22:24', 'false', '$2y$10$92IXUNpkjO0rOQ5byMi.Ye4oKoEa3Ro9llC/.og/at2.uheWG/igi', 'vMCaLgsy1e', '2019-11-30 15:22:25', '2019-11-30 15:22:25'),
(121, 'George Deckow I', 'walker.gertrude@example.org', '2019-11-30 15:22:24', 'false', '$2y$10$92IXUNpkjO0rOQ5byMi.Ye4oKoEa3Ro9llC/.og/at2.uheWG/igi', 'EazRuRD7c6', '2019-11-30 15:22:25', '2019-11-30 15:22:25'),
(122, 'Shanie Breitenberg', 'mayer.amber@example.org', '2019-11-30 15:22:24', 'false', '$2y$10$92IXUNpkjO0rOQ5byMi.Ye4oKoEa3Ro9llC/.og/at2.uheWG/igi', '4KcGbeEx4u', '2019-11-30 15:22:25', '2019-11-30 15:22:25'),
(123, 'Magali Dibbert DVM', 'ksmith@example.net', '2019-11-30 15:22:24', 'false', '$2y$10$92IXUNpkjO0rOQ5byMi.Ye4oKoEa3Ro9llC/.og/at2.uheWG/igi', 'dl6i8sJLWK', '2019-11-30 15:22:25', '2019-11-30 15:22:25'),
(124, 'Prof. Ottilie Wehner', 'kip41@example.net', '2019-11-30 15:22:24', 'false', '$2y$10$92IXUNpkjO0rOQ5byMi.Ye4oKoEa3Ro9llC/.og/at2.uheWG/igi', 'fgsxbI0Wfg', '2019-11-30 15:22:25', '2019-11-30 15:22:25'),
(125, 'Catalina Dooley', 'michaela10@example.com', '2019-11-30 15:22:24', 'false', '$2y$10$92IXUNpkjO0rOQ5byMi.Ye4oKoEa3Ro9llC/.og/at2.uheWG/igi', '8T6wvNrgjJ', '2019-11-30 15:22:25', '2019-11-30 15:22:25'),
(126, 'Mr. Tristian Dicki', 'michelle.hettinger@example.org', '2019-11-30 15:22:24', 'false', '$2y$10$92IXUNpkjO0rOQ5byMi.Ye4oKoEa3Ro9llC/.og/at2.uheWG/igi', 'LjfKc6zcUV', '2019-11-30 15:22:25', '2019-11-30 15:22:25'),
(127, 'Chyna Ward', 'jules.breitenberg@example.org', '2019-11-30 15:22:24', 'false', '$2y$10$92IXUNpkjO0rOQ5byMi.Ye4oKoEa3Ro9llC/.og/at2.uheWG/igi', 'Oik1iajwnx', '2019-11-30 15:22:25', '2019-11-30 15:22:25'),
(128, 'Rebeka Kreiger PhD', 'boyer.sigmund@example.org', '2019-11-30 15:22:24', 'false', '$2y$10$92IXUNpkjO0rOQ5byMi.Ye4oKoEa3Ro9llC/.og/at2.uheWG/igi', 'sDCQdWDu92', '2019-11-30 15:22:25', '2019-11-30 15:22:25'),
(129, 'Jay Hackett', 'kennedy23@example.net', '2019-11-30 15:22:24', 'false', '$2y$10$92IXUNpkjO0rOQ5byMi.Ye4oKoEa3Ro9llC/.og/at2.uheWG/igi', 'bAickTvgyI', '2019-11-30 15:22:25', '2019-11-30 15:22:25'),
(130, 'Dr. Velva Ortiz DDS', 'pfannerstill.guiseppe@example.com', '2019-11-30 15:22:24', 'false', '$2y$10$92IXUNpkjO0rOQ5byMi.Ye4oKoEa3Ro9llC/.og/at2.uheWG/igi', 'GAYlc7Ov4N', '2019-11-30 15:22:25', '2019-11-30 15:22:25'),
(131, 'Guiseppe Mraz', 'borer.moriah@example.net', '2019-11-30 15:22:24', 'false', '$2y$10$92IXUNpkjO0rOQ5byMi.Ye4oKoEa3Ro9llC/.og/at2.uheWG/igi', 'jOUkhAWB3t', '2019-11-30 15:22:25', '2019-11-30 15:22:25'),
(132, 'Bill McGlynn', 'imaggio@example.org', '2019-11-30 15:22:24', 'false', '$2y$10$92IXUNpkjO0rOQ5byMi.Ye4oKoEa3Ro9llC/.og/at2.uheWG/igi', '3wIzGapUPc', '2019-11-30 15:22:25', '2019-11-30 15:22:25'),
(133, 'Ernest Rau', 'blanda.uriah@example.org', '2019-11-30 15:22:24', 'false', '$2y$10$92IXUNpkjO0rOQ5byMi.Ye4oKoEa3Ro9llC/.og/at2.uheWG/igi', 'yuEN5UnqRg', '2019-11-30 15:22:25', '2019-11-30 15:22:25'),
(134, 'Magnolia Reinger', 'carmela.little@example.net', '2019-11-30 15:22:24', 'false', '$2y$10$92IXUNpkjO0rOQ5byMi.Ye4oKoEa3Ro9llC/.og/at2.uheWG/igi', 'ZYqE5KbACG', '2019-11-30 15:22:25', '2019-11-30 15:22:25'),
(135, 'Brayan Streich', 'waelchi.vena@example.com', '2019-11-30 15:22:24', 'false', '$2y$10$92IXUNpkjO0rOQ5byMi.Ye4oKoEa3Ro9llC/.og/at2.uheWG/igi', 'sI8JyEQscb', '2019-11-30 15:22:25', '2019-11-30 15:22:25'),
(136, 'Miss Serenity Wyman V', 'akrajcik@example.org', '2019-11-30 15:22:24', 'false', '$2y$10$92IXUNpkjO0rOQ5byMi.Ye4oKoEa3Ro9llC/.og/at2.uheWG/igi', 'drDYsm1Smx', '2019-11-30 15:22:25', '2019-11-30 15:22:25'),
(137, 'Vesta Crona', 'yessenia43@example.net', '2019-11-30 15:22:24', 'false', '$2y$10$92IXUNpkjO0rOQ5byMi.Ye4oKoEa3Ro9llC/.og/at2.uheWG/igi', 'CDHZBARQLJ', '2019-11-30 15:22:25', '2019-11-30 15:22:25'),
(138, 'Mr. Clifford Mosciski', 'wiza.meredith@example.com', '2019-11-30 15:22:24', 'false', '$2y$10$92IXUNpkjO0rOQ5byMi.Ye4oKoEa3Ro9llC/.og/at2.uheWG/igi', 'z0tEEbjPAQ', '2019-11-30 15:22:25', '2019-11-30 15:22:25'),
(139, 'Prof. Lilyan Ritchie', 'zmckenzie@example.com', '2019-11-30 15:22:24', 'false', '$2y$10$92IXUNpkjO0rOQ5byMi.Ye4oKoEa3Ro9llC/.og/at2.uheWG/igi', 'KrdVRdLkXk', '2019-11-30 15:22:25', '2019-11-30 15:22:25'),
(140, 'Dr. Savion Labadie', 'lillie91@example.net', '2019-11-30 15:22:24', 'false', '$2y$10$92IXUNpkjO0rOQ5byMi.Ye4oKoEa3Ro9llC/.og/at2.uheWG/igi', 'aX2U2uyQZf', '2019-11-30 15:22:25', '2019-11-30 15:22:25'),
(141, 'Max Howell', 'gschroeder@example.net', '2019-11-30 15:22:24', 'false', '$2y$10$92IXUNpkjO0rOQ5byMi.Ye4oKoEa3Ro9llC/.og/at2.uheWG/igi', 'f1meCHCYIu', '2019-11-30 15:22:25', '2019-11-30 15:22:25'),
(142, 'Eryn Predovic', 'wmiller@example.org', '2019-11-30 15:22:24', 'false', '$2y$10$92IXUNpkjO0rOQ5byMi.Ye4oKoEa3Ro9llC/.og/at2.uheWG/igi', 'sPaii5TkT8', '2019-11-30 15:22:25', '2019-11-30 15:22:25'),
(143, 'Amaya Kulas', 'riley.toy@example.net', '2019-11-30 15:22:24', 'false', '$2y$10$92IXUNpkjO0rOQ5byMi.Ye4oKoEa3Ro9llC/.og/at2.uheWG/igi', 'PDU5tvuQ1l', '2019-11-30 15:22:25', '2019-11-30 15:22:25'),
(144, 'Dr. Cassandra Casper Sr.', 'wdaniel@example.net', '2019-11-30 15:22:24', 'false', '$2y$10$92IXUNpkjO0rOQ5byMi.Ye4oKoEa3Ro9llC/.og/at2.uheWG/igi', '57SdNMGVhI', '2019-11-30 15:22:25', '2019-11-30 15:22:25'),
(145, 'Nestor Armstrong', 'hiram.steuber@example.com', '2019-11-30 15:22:24', 'false', '$2y$10$92IXUNpkjO0rOQ5byMi.Ye4oKoEa3Ro9llC/.og/at2.uheWG/igi', 'mZJdtcClLt', '2019-11-30 15:22:25', '2019-11-30 15:22:25'),
(146, 'Mrs. Zelda Wiza III', 'haag.harvey@example.net', '2019-11-30 15:22:24', 'false', '$2y$10$92IXUNpkjO0rOQ5byMi.Ye4oKoEa3Ro9llC/.og/at2.uheWG/igi', 'aRGMUG6Lkq', '2019-11-30 15:22:25', '2019-11-30 15:22:25'),
(147, 'Larissa Koch', 'rosalia.murray@example.com', '2019-11-30 15:22:24', 'false', '$2y$10$92IXUNpkjO0rOQ5byMi.Ye4oKoEa3Ro9llC/.og/at2.uheWG/igi', 'iu2usfhQxU', '2019-11-30 15:22:25', '2019-11-30 15:22:25'),
(148, 'Isom Hegmann DVM', 'qkeebler@example.net', '2019-11-30 15:22:24', 'false', '$2y$10$92IXUNpkjO0rOQ5byMi.Ye4oKoEa3Ro9llC/.og/at2.uheWG/igi', 'pFNLUDdiso', '2019-11-30 15:22:25', '2019-11-30 15:22:25'),
(149, 'Mr. Darren Gutmann PhD', 'lebsack.general@example.net', '2019-11-30 15:22:24', 'false', '$2y$10$92IXUNpkjO0rOQ5byMi.Ye4oKoEa3Ro9llC/.og/at2.uheWG/igi', 'ys5jNk89Yz', '2019-11-30 15:22:25', '2019-11-30 15:22:25'),
(150, 'Rickie Fay', 'kparker@example.com', '2019-11-30 15:22:24', 'false', '$2y$10$92IXUNpkjO0rOQ5byMi.Ye4oKoEa3Ro9llC/.og/at2.uheWG/igi', '8zM63gnVjW', '2019-11-30 15:22:25', '2019-11-30 15:22:25'),
(151, 'Prof. Lucile Volkman Sr.', 'dock99@example.org', '2019-11-30 15:22:24', 'false', '$2y$10$92IXUNpkjO0rOQ5byMi.Ye4oKoEa3Ro9llC/.og/at2.uheWG/igi', 'uxvYpKrdYC', '2019-11-30 15:22:25', '2019-11-30 15:22:25'),
(152, 'Mr. Dewitt Abshire', 'alvina54@example.com', '2019-11-30 15:22:24', 'false', '$2y$10$92IXUNpkjO0rOQ5byMi.Ye4oKoEa3Ro9llC/.og/at2.uheWG/igi', 'cdS4y7SvdR', '2019-11-30 15:22:25', '2019-11-30 15:22:25'),
(153, 'Prof. Leonor Simonis', 'lilly57@example.net', '2019-11-30 15:22:24', 'false', '$2y$10$92IXUNpkjO0rOQ5byMi.Ye4oKoEa3Ro9llC/.og/at2.uheWG/igi', 'VNa83AL2R9', '2019-11-30 15:22:25', '2019-11-30 15:22:25'),
(154, 'Santa Borer Jr.', 'larson.joshua@example.org', '2019-11-30 15:22:24', 'false', '$2y$10$92IXUNpkjO0rOQ5byMi.Ye4oKoEa3Ro9llC/.og/at2.uheWG/igi', '2naONXfDJM', '2019-11-30 15:22:25', '2019-11-30 15:22:25'),
(155, 'Cecilia Flatley', 'cmertz@example.com', '2019-11-30 15:22:24', 'false', '$2y$10$92IXUNpkjO0rOQ5byMi.Ye4oKoEa3Ro9llC/.og/at2.uheWG/igi', 'Es1FF00sbm', '2019-11-30 15:22:25', '2019-11-30 15:22:25'),
(156, 'Curtis Kertzmann', 'upowlowski@example.org', '2019-11-30 15:22:24', 'false', '$2y$10$92IXUNpkjO0rOQ5byMi.Ye4oKoEa3Ro9llC/.og/at2.uheWG/igi', 'bDFQOsD5RY', '2019-11-30 15:22:25', '2019-11-30 15:22:25'),
(157, 'Litzy Batz', 'oswaldo10@example.org', '2019-11-30 15:22:24', 'false', '$2y$10$92IXUNpkjO0rOQ5byMi.Ye4oKoEa3Ro9llC/.og/at2.uheWG/igi', '0bA1Ykps9a', '2019-11-30 15:22:25', '2019-11-30 15:22:25'),
(158, 'Leopoldo Stamm', 'rollin.bergnaum@example.org', '2019-11-30 15:22:24', 'false', '$2y$10$92IXUNpkjO0rOQ5byMi.Ye4oKoEa3Ro9llC/.og/at2.uheWG/igi', 'vQYIy7HJjQ', '2019-11-30 15:22:25', '2019-11-30 15:22:25'),
(159, 'Dr. Rosario Koch', 'miles00@example.org', '2019-11-30 15:22:24', 'false', '$2y$10$92IXUNpkjO0rOQ5byMi.Ye4oKoEa3Ro9llC/.og/at2.uheWG/igi', 'f799g27yap', '2019-11-30 15:22:25', '2019-11-30 15:22:25'),
(160, 'Katelynn Blanda', 'pagac.oleta@example.com', '2019-11-30 15:22:24', 'false', '$2y$10$92IXUNpkjO0rOQ5byMi.Ye4oKoEa3Ro9llC/.og/at2.uheWG/igi', 'MV8TG1PJjI', '2019-11-30 15:22:25', '2019-11-30 15:22:25'),
(161, 'Xander Kshlerin', 'krista.kessler@example.org', '2019-11-30 15:22:24', 'false', '$2y$10$92IXUNpkjO0rOQ5byMi.Ye4oKoEa3Ro9llC/.og/at2.uheWG/igi', 'Z5P0gZZTEx', '2019-11-30 15:22:25', '2019-11-30 15:22:25'),
(162, 'Kaylah Balistreri', 'abergstrom@example.com', '2019-11-30 15:22:24', 'false', '$2y$10$92IXUNpkjO0rOQ5byMi.Ye4oKoEa3Ro9llC/.og/at2.uheWG/igi', 'Y4wI15vSei', '2019-11-30 15:22:25', '2019-11-30 15:22:25'),
(163, 'Joanny Ratke V', 'zackary.kirlin@example.net', '2019-11-30 15:22:24', 'false', '$2y$10$92IXUNpkjO0rOQ5byMi.Ye4oKoEa3Ro9llC/.og/at2.uheWG/igi', 'RzZo5KyeVO', '2019-11-30 15:22:25', '2019-11-30 15:22:25'),
(164, 'Jane Turner', 'mcglynn.christiana@example.org', '2019-11-30 15:22:24', 'false', '$2y$10$92IXUNpkjO0rOQ5byMi.Ye4oKoEa3Ro9llC/.og/at2.uheWG/igi', 'HdJL0YRTzz', '2019-11-30 15:22:25', '2019-11-30 15:22:25'),
(165, 'Peyton Crona', 'adrianna12@example.net', '2019-11-30 15:22:24', 'false', '$2y$10$92IXUNpkjO0rOQ5byMi.Ye4oKoEa3Ro9llC/.og/at2.uheWG/igi', 'smjmvu0c36', '2019-11-30 15:22:25', '2019-11-30 15:22:25'),
(166, 'Ms. Ophelia Frami V', 'sparker@example.org', '2019-11-30 15:22:24', 'false', '$2y$10$92IXUNpkjO0rOQ5byMi.Ye4oKoEa3Ro9llC/.og/at2.uheWG/igi', 'pphElg5sqH', '2019-11-30 15:22:25', '2019-11-30 15:22:25'),
(167, 'Prof. Edward Huels', 'torphy.roscoe@example.org', '2019-11-30 15:22:24', 'false', '$2y$10$92IXUNpkjO0rOQ5byMi.Ye4oKoEa3Ro9llC/.og/at2.uheWG/igi', 'SzKbYYLFhn', '2019-11-30 15:22:25', '2019-11-30 15:22:25'),
(168, 'Omari Bernier', 'kailey71@example.org', '2019-11-30 15:22:24', 'false', '$2y$10$92IXUNpkjO0rOQ5byMi.Ye4oKoEa3Ro9llC/.og/at2.uheWG/igi', 'kxsp3xpHiZ', '2019-11-30 15:22:25', '2019-11-30 15:22:25'),
(169, 'Darius Wintheiser DDS', 'barrows.mya@example.org', '2019-11-30 15:22:24', 'false', '$2y$10$92IXUNpkjO0rOQ5byMi.Ye4oKoEa3Ro9llC/.og/at2.uheWG/igi', 'slJqYYdm2m', '2019-11-30 15:22:25', '2019-11-30 15:22:25'),
(170, 'Prof. Dorian Anderson MD', 'earnestine.hagenes@example.com', '2019-11-30 15:22:24', 'false', '$2y$10$92IXUNpkjO0rOQ5byMi.Ye4oKoEa3Ro9llC/.og/at2.uheWG/igi', 'STfJRlg0WP', '2019-11-30 15:22:25', '2019-11-30 15:22:25'),
(171, 'Casimer Nikolaus', 'katlyn.schuster@example.org', '2019-11-30 15:22:24', 'false', '$2y$10$92IXUNpkjO0rOQ5byMi.Ye4oKoEa3Ro9llC/.og/at2.uheWG/igi', 'nO30cAVZqn', '2019-11-30 15:22:25', '2019-11-30 15:22:25'),
(172, 'Isaias Kemmer', 'lowell83@example.com', '2019-11-30 15:22:24', 'false', '$2y$10$92IXUNpkjO0rOQ5byMi.Ye4oKoEa3Ro9llC/.og/at2.uheWG/igi', 'wZ2yBuq57G', '2019-11-30 15:22:25', '2019-11-30 15:22:25'),
(173, 'Mr. Darron Predovic', 'tmarvin@example.com', '2019-11-30 15:22:24', 'false', '$2y$10$92IXUNpkjO0rOQ5byMi.Ye4oKoEa3Ro9llC/.og/at2.uheWG/igi', 'kF5012clUz', '2019-11-30 15:22:25', '2019-11-30 15:22:25'),
(174, 'Prof. Leonel Johnson', 'pcorwin@example.com', '2019-11-30 15:22:24', 'false', '$2y$10$92IXUNpkjO0rOQ5byMi.Ye4oKoEa3Ro9llC/.og/at2.uheWG/igi', 'YoDG0MqzAV', '2019-11-30 15:22:25', '2019-11-30 15:22:25'),
(175, 'Miss Bria Hahn', 'linnie47@example.net', '2019-11-30 15:22:24', 'false', '$2y$10$92IXUNpkjO0rOQ5byMi.Ye4oKoEa3Ro9llC/.og/at2.uheWG/igi', 'C2CbtdJK6F', '2019-11-30 15:22:25', '2019-11-30 15:22:25'),
(176, 'Otilia Rau', 'reagan70@example.com', '2019-11-30 15:22:24', 'false', '$2y$10$92IXUNpkjO0rOQ5byMi.Ye4oKoEa3Ro9llC/.og/at2.uheWG/igi', 'aW2fsWmUPC', '2019-11-30 15:22:25', '2019-11-30 15:22:25'),
(177, 'Gwen Deckow', 'vhirthe@example.org', '2019-11-30 15:22:24', 'false', '$2y$10$92IXUNpkjO0rOQ5byMi.Ye4oKoEa3Ro9llC/.og/at2.uheWG/igi', 'MdIFsXHpak', '2019-11-30 15:22:25', '2019-11-30 15:22:25'),
(178, 'Nikolas Daniel', 'dudley.strosin@example.com', '2019-11-30 15:22:24', 'false', '$2y$10$92IXUNpkjO0rOQ5byMi.Ye4oKoEa3Ro9llC/.og/at2.uheWG/igi', 'fjUlVdIDp9', '2019-11-30 15:22:25', '2019-11-30 15:22:25'),
(179, 'Maybell Farrell', 'eroberts@example.org', '2019-11-30 15:22:24', 'false', '$2y$10$92IXUNpkjO0rOQ5byMi.Ye4oKoEa3Ro9llC/.og/at2.uheWG/igi', 'pHWClr2rAi', '2019-11-30 15:22:25', '2019-11-30 15:22:25'),
(180, 'Jayme Stroman', 'rhirthe@example.net', '2019-11-30 15:22:24', 'false', '$2y$10$92IXUNpkjO0rOQ5byMi.Ye4oKoEa3Ro9llC/.og/at2.uheWG/igi', 'TWOlQfDrHo', '2019-11-30 15:22:25', '2019-11-30 15:22:25'),
(181, 'Ole Erdman', 'smitham.delpha@example.com', '2019-11-30 15:22:24', 'false', '$2y$10$92IXUNpkjO0rOQ5byMi.Ye4oKoEa3Ro9llC/.og/at2.uheWG/igi', '4gLtR66Yqk', '2019-11-30 15:22:25', '2019-11-30 15:22:25'),
(182, 'Trudie Orn Jr.', 'jordy.bradtke@example.org', '2019-11-30 15:22:24', 'false', '$2y$10$92IXUNpkjO0rOQ5byMi.Ye4oKoEa3Ro9llC/.og/at2.uheWG/igi', 'Mn7j0mg00O', '2019-11-30 15:22:25', '2019-11-30 15:22:25'),
(183, 'Nestor Sawayn MD', 'ykerluke@example.net', '2019-11-30 15:22:24', 'false', '$2y$10$92IXUNpkjO0rOQ5byMi.Ye4oKoEa3Ro9llC/.og/at2.uheWG/igi', 'Vg0y4jbhA5', '2019-11-30 15:22:25', '2019-11-30 15:22:25'),
(184, 'Philip Kohler', 'zgreen@example.net', '2019-11-30 15:22:24', 'false', '$2y$10$92IXUNpkjO0rOQ5byMi.Ye4oKoEa3Ro9llC/.og/at2.uheWG/igi', 'Iv0t6NZixN', '2019-11-30 15:22:25', '2019-11-30 15:22:25'),
(185, 'Naomie Watsica', 'anderson.merl@example.org', '2019-11-30 15:22:24', 'false', '$2y$10$92IXUNpkjO0rOQ5byMi.Ye4oKoEa3Ro9llC/.og/at2.uheWG/igi', 'dxZS0RtiyM', '2019-11-30 15:22:25', '2019-11-30 15:22:25'),
(186, 'Dr. Era Walsh', 'gilda06@example.org', '2019-11-30 15:22:24', 'false', '$2y$10$92IXUNpkjO0rOQ5byMi.Ye4oKoEa3Ro9llC/.og/at2.uheWG/igi', '2eIyTtVvS4', '2019-11-30 15:22:25', '2019-11-30 15:22:25'),
(187, 'Miss Cydney Leffler Jr.', 'harvey24@example.net', '2019-11-30 15:22:24', 'false', '$2y$10$92IXUNpkjO0rOQ5byMi.Ye4oKoEa3Ro9llC/.og/at2.uheWG/igi', 'zb6wysBWAU', '2019-11-30 15:22:25', '2019-11-30 15:22:25'),
(188, 'Mrs. Anya Mante', 'mathias13@example.org', '2019-11-30 15:22:24', 'false', '$2y$10$92IXUNpkjO0rOQ5byMi.Ye4oKoEa3Ro9llC/.og/at2.uheWG/igi', 'AtaczzzF5S', '2019-11-30 15:22:25', '2019-11-30 15:22:25'),
(189, 'Lori Wilderman', 'qpollich@example.net', '2019-11-30 15:22:24', 'false', '$2y$10$92IXUNpkjO0rOQ5byMi.Ye4oKoEa3Ro9llC/.og/at2.uheWG/igi', 'AkxzDz1ekj', '2019-11-30 15:22:25', '2019-11-30 15:22:25'),
(190, 'Lavinia Rolfson', 'sking@example.net', '2019-11-30 15:22:24', 'false', '$2y$10$92IXUNpkjO0rOQ5byMi.Ye4oKoEa3Ro9llC/.og/at2.uheWG/igi', 'qGQFbiGqaK', '2019-11-30 15:22:25', '2019-11-30 15:22:25'),
(191, 'Gwen Aufderhar', 'bergnaum.ubaldo@example.org', '2019-11-30 15:22:24', 'false', '$2y$10$92IXUNpkjO0rOQ5byMi.Ye4oKoEa3Ro9llC/.og/at2.uheWG/igi', 'xiaKrG264j', '2019-11-30 15:22:25', '2019-11-30 15:22:25'),
(192, 'Dr. Louisa Herman', 'ullrich.sheldon@example.org', '2019-11-30 15:22:24', 'false', '$2y$10$92IXUNpkjO0rOQ5byMi.Ye4oKoEa3Ro9llC/.og/at2.uheWG/igi', '8aoVm5NuJi', '2019-11-30 15:22:25', '2019-11-30 15:22:25'),
(193, 'Kareem Veum IV', 'sidney25@example.com', '2019-11-30 15:22:24', 'false', '$2y$10$92IXUNpkjO0rOQ5byMi.Ye4oKoEa3Ro9llC/.og/at2.uheWG/igi', '1gENKoUqKo', '2019-11-30 15:22:25', '2019-11-30 15:22:25'),
(194, 'Rubye McClure', 'whegmann@example.org', '2019-11-30 15:22:24', 'false', '$2y$10$92IXUNpkjO0rOQ5byMi.Ye4oKoEa3Ro9llC/.og/at2.uheWG/igi', 'D0cFdB4MEx', '2019-11-30 15:22:25', '2019-11-30 15:22:25'),
(195, 'Lucious Gutmann', 'jhodkiewicz@example.org', '2019-11-30 15:22:24', 'false', '$2y$10$92IXUNpkjO0rOQ5byMi.Ye4oKoEa3Ro9llC/.og/at2.uheWG/igi', '3dTjUwBSlS', '2019-11-30 15:22:25', '2019-11-30 15:22:25'),
(196, 'Ms. Zola Lesch DDS', 'konopelski.edythe@example.org', '2019-11-30 15:22:24', 'false', '$2y$10$92IXUNpkjO0rOQ5byMi.Ye4oKoEa3Ro9llC/.og/at2.uheWG/igi', 'glXq3vxcZg', '2019-11-30 15:22:25', '2019-11-30 15:22:25'),
(197, 'Destiney Eichmann', 'arden26@example.org', '2019-11-30 15:22:24', 'false', '$2y$10$92IXUNpkjO0rOQ5byMi.Ye4oKoEa3Ro9llC/.og/at2.uheWG/igi', '3NfFEp92IR', '2019-11-30 15:22:25', '2019-11-30 15:22:25'),
(198, 'Ines Parker', 'hane.gregg@example.com', '2019-11-30 15:22:24', 'false', '$2y$10$92IXUNpkjO0rOQ5byMi.Ye4oKoEa3Ro9llC/.og/at2.uheWG/igi', 'Z6nULBDCru', '2019-11-30 15:22:25', '2019-11-30 15:22:25'),
(199, 'Prof. Marlen Tillman', 'witting.zion@example.com', '2019-11-30 15:22:24', 'false', '$2y$10$92IXUNpkjO0rOQ5byMi.Ye4oKoEa3Ro9llC/.og/at2.uheWG/igi', 'XgXsgTVNOe', '2019-11-30 15:22:25', '2019-11-30 15:22:25'),
(200, 'Gus Lakin', 'judd.bechtelar@example.org', '2019-11-30 15:22:24', 'false', '$2y$10$92IXUNpkjO0rOQ5byMi.Ye4oKoEa3Ro9llC/.og/at2.uheWG/igi', '9v74kErXYR', '2019-11-30 15:22:25', '2019-11-30 15:22:25');

-- --------------------------------------------------------

--
-- Table structure for table `warranty_products`
--

CREATE TABLE `warranty_products` (
  `id` bigint(20) UNSIGNED NOT NULL,
  `product_id` bigint(20) UNSIGNED NOT NULL,
  `user_id` bigint(20) UNSIGNED NOT NULL,
  `alphabetic_code` varchar(191) COLLATE utf8mb4_unicode_ci NOT NULL,
  `warranty_start_date` datetime NOT NULL,
  `warranty_end_date` datetime NOT NULL,
  `created_at` timestamp NULL DEFAULT NULL,
  `updated_at` timestamp NULL DEFAULT NULL
) ENGINE=InnoDB DEFAULT CHARSET=utf8mb4 COLLATE=utf8mb4_unicode_ci;

--
-- Dumping data for table `warranty_products`
--

INSERT INTO `warranty_products` (`id`, `product_id`, `user_id`, `alphabetic_code`, `warranty_start_date`, `warranty_end_date`, `created_at`, `updated_at`) VALUES
(1, 1, 94, 'ApDSKQq', '2019-12-11 12:45:13', '2021-06-11 12:45:13', '2019-11-30 15:22:25', '2019-11-30 15:22:25'),
(2, 1, 148, 'yZJJXjp', '2019-12-23 09:42:03', '2022-03-23 09:42:03', '2019-11-30 15:22:25', '2019-11-30 15:22:25'),
(3, 1, 89, 'TxTFWdf', '2019-12-11 18:38:25', '2022-02-11 18:38:25', '2019-11-30 15:22:25', '2019-11-30 15:22:25'),
(4, 2, 143, 'yRxWBBE', '2019-12-24 01:54:23', '2020-11-24 01:54:23', '2019-11-30 15:22:25', '2019-11-30 15:22:25'),
(5, 2, 90, 'pDcGDUO', '2019-12-19 13:04:16', '2020-09-19 13:04:16', '2019-11-30 15:22:25', '2019-11-30 15:22:25'),
(6, 2, 181, 'rKdceBF', '2019-12-19 05:08:21', '2020-03-19 05:08:21', '2019-11-30 15:22:25', '2019-11-30 15:22:25'),
(7, 3, 49, 'FoQPIol', '2019-12-23 04:37:38', '2020-07-23 04:37:38', '2019-11-30 15:22:25', '2019-11-30 15:22:25'),
(8, 3, 66, 'pHalYNy', '2020-01-04 19:16:28', '2022-06-04 19:16:28', '2019-11-30 15:22:25', '2019-11-30 15:22:25'),
(9, 4, 98, 'egmbsoq', '2019-12-30 04:04:36', '2021-03-30 04:04:36', '2019-11-30 15:22:25', '2019-11-30 15:22:25'),
(10, 4, 160, 'moZBiFp', '2019-12-28 04:20:16', '2020-05-28 04:20:16', '2019-11-30 15:22:25', '2019-11-30 15:22:25'),
(11, 4, 98, 'DOLWQtO', '2019-12-05 06:29:29', '2021-11-05 06:29:29', '2019-11-30 15:22:25', '2019-11-30 15:22:25'),
(12, 5, 55, 'tMMINTs', '2019-12-28 02:54:23', '2022-02-28 02:54:23', '2019-11-30 15:22:25', '2019-11-30 15:22:25'),
(13, 5, 57, 'RSrmdnW', '2019-12-25 20:31:04', '2020-11-25 20:31:04', '2019-11-30 15:22:25', '2019-11-30 15:22:25'),
(14, 6, 107, 'UWqxwxY', '2019-12-03 20:14:58', '2022-11-03 20:14:58', '2019-11-30 15:22:25', '2019-11-30 15:22:25'),
(15, 6, 5, 'PtReGzO', '2019-12-27 17:44:28', '2022-06-27 17:44:28', '2019-11-30 15:22:25', '2019-11-30 15:22:25'),
(16, 6, 143, 'fILUree', '2019-12-03 19:59:10', '2022-12-03 19:59:10', '2019-11-30 15:22:25', '2019-11-30 15:22:25'),
(17, 7, 177, 'uUQRzHA', '2019-12-21 19:26:48', '2021-02-21 19:26:48', '2019-11-30 15:22:25', '2019-11-30 15:22:25'),
(18, 7, 167, 'OLtoOox', '2019-12-09 09:07:00', '2022-08-09 09:07:00', '2019-11-30 15:22:25', '2019-11-30 15:22:25'),
(19, 8, 194, 'TRBnkUW', '2019-12-28 11:36:50', '2020-12-28 11:36:50', '2019-11-30 15:22:25', '2019-11-30 15:22:25'),
(20, 8, 16, 'cdvdnDY', '2019-12-05 21:13:47', '2022-10-05 21:13:47', '2019-11-30 15:22:25', '2019-11-30 15:22:25'),
(21, 9, 33, 'UAFciYf', '2020-01-02 08:11:31', '2021-11-02 08:11:31', '2019-11-30 15:22:25', '2019-11-30 15:22:25'),
(22, 9, 92, 'TvcJcju', '2019-12-09 03:26:31', '2021-05-09 03:26:31', '2019-11-30 15:22:25', '2019-11-30 15:22:25'),
(23, 9, 173, 'hGPQVZV', '2019-12-23 10:36:52', '2022-07-23 10:36:52', '2019-11-30 15:22:25', '2019-11-30 15:22:25'),
(24, 10, 194, 'rINkPoV', '2019-12-16 15:51:10', '2020-10-16 15:51:10', '2019-11-30 15:22:25', '2019-11-30 15:22:25'),
(25, 10, 47, 'hItVYpq', '2020-01-02 16:24:28', '2022-08-02 16:24:28', '2019-11-30 15:22:25', '2019-11-30 15:22:25'),
(26, 10, 118, 'laautcn', '2019-12-28 06:32:46', '2022-10-28 06:32:46', '2019-11-30 15:22:25', '2019-11-30 15:22:25'),
(27, 11, 24, 'vTKflPZ', '2019-12-18 03:51:58', '2022-01-18 03:51:58', '2019-11-30 15:22:25', '2019-11-30 15:22:25'),
(28, 11, 195, 'nkgfglE', '2019-12-19 13:56:54', '2022-08-19 13:56:54', '2019-11-30 15:22:25', '2019-11-30 15:22:25'),
(29, 11, 123, 'gmLDxCa', '2019-12-18 22:53:18', '2021-06-18 22:53:18', '2019-11-30 15:22:25', '2019-11-30 15:22:25'),
(30, 12, 76, 'UNOaAXz', '2019-12-08 02:30:08', '2022-05-08 02:30:08', '2019-11-30 15:22:25', '2019-11-30 15:22:25'),
(31, 12, 34, 'GCVBDeh', '2019-12-12 02:00:52', '2021-02-12 02:00:52', '2019-11-30 15:22:25', '2019-11-30 15:22:25'),
(32, 12, 112, 'YYTLher', '2019-12-21 09:55:03', '2020-10-21 09:55:03', '2019-11-30 15:22:25', '2019-11-30 15:22:25'),
(33, 13, 33, 'vVjBbfR', '2019-12-03 19:49:51', '2022-01-03 19:49:51', '2019-11-30 15:22:25', '2019-11-30 15:22:25'),
(34, 13, 79, 'VWqdVVx', '2019-12-04 09:33:53', '2021-10-04 09:33:53', '2019-11-30 15:22:25', '2019-11-30 15:22:25'),
(35, 13, 71, 'pVNviPT', '2019-12-07 21:04:43', '2021-08-07 21:04:43', '2019-11-30 15:22:25', '2019-11-30 15:22:25'),
(36, 14, 110, 'dfyLKeG', '2019-12-19 14:51:33', '2022-10-19 14:51:33', '2019-11-30 15:22:25', '2019-11-30 15:22:25'),
(37, 14, 138, 'poKCthF', '2019-12-09 22:43:14', '2022-11-09 22:43:14', '2019-11-30 15:22:25', '2019-11-30 15:22:25'),
(38, 15, 64, 'uQlPlqQ', '2019-12-16 00:51:49', '2021-02-16 00:51:49', '2019-11-30 15:22:25', '2019-11-30 15:22:25'),
(39, 15, 156, 'wuZBtuZ', '2019-12-23 07:32:47', '2022-04-23 07:32:47', '2019-11-30 15:22:25', '2019-11-30 15:22:25'),
(40, 16, 15, 'LszbIch', '2019-12-26 11:12:39', '2020-11-26 11:12:39', '2019-11-30 15:22:25', '2019-11-30 15:22:25'),
(41, 16, 41, 'SBmVZea', '2019-12-25 15:26:56', '2022-11-25 15:26:56', '2019-11-30 15:22:25', '2019-11-30 15:22:25'),
(42, 16, 7, 'LvXVqJu', '2020-01-03 06:55:49', '2020-02-03 06:55:49', '2019-11-30 15:22:25', '2019-11-30 15:22:25'),
(43, 17, 187, 'RKwAqmP', '2019-12-26 23:48:01', '2020-05-26 23:48:01', '2019-11-30 15:22:25', '2019-11-30 15:22:25'),
(44, 17, 143, 'agLeXBj', '2019-12-30 06:33:42', '2022-09-30 06:33:42', '2019-11-30 15:22:25', '2019-11-30 15:22:25'),
(45, 17, 112, 'WJWrdgS', '2019-12-25 18:01:44', '2020-01-25 18:01:44', '2019-11-30 15:22:25', '2019-11-30 15:22:25'),
(46, 18, 72, 'qOxTXAi', '2019-12-29 23:59:15', '2020-01-29 23:59:15', '2019-11-30 15:22:26', '2019-11-30 15:22:26'),
(47, 18, 66, 'IzItKNX', '2020-01-01 21:55:27', '2022-10-01 21:55:27', '2019-11-30 15:22:26', '2019-11-30 15:22:26'),
(48, 18, 68, 'pOtMWjT', '2019-12-22 06:12:53', '2020-01-22 06:12:53', '2019-11-30 15:22:26', '2019-11-30 15:22:26'),
(49, 19, 145, 'wTmxyGl', '2019-12-14 22:59:56', '2020-07-14 22:59:56', '2019-11-30 15:22:26', '2019-11-30 15:22:26'),
(50, 19, 165, 'FQQxVrp', '2019-12-30 22:21:28', '2020-01-30 22:21:28', '2019-11-30 15:22:26', '2019-11-30 15:22:26'),
(51, 20, 121, 'iEzaKXs', '2019-12-27 10:20:46', '2022-01-27 10:20:46', '2019-11-30 15:22:26', '2019-11-30 15:22:26'),
(52, 20, 153, 'vxsrazl', '2019-12-12 21:48:17', '2022-05-12 21:48:17', '2019-11-30 15:22:26', '2019-11-30 15:22:26'),
(53, 21, 49, 'JXWuzde', '2020-01-04 16:23:45', '2020-07-04 16:23:45', '2019-11-30 15:22:26', '2019-11-30 15:22:26'),
(54, 21, 55, 'ErIwXqp', '2019-12-06 23:03:26', '2020-10-06 23:03:26', '2019-11-30 15:22:26', '2019-11-30 15:22:26'),
(55, 22, 73, 'gMJpgSO', '2019-12-04 11:16:37', '2022-12-04 11:16:37', '2019-11-30 15:22:26', '2019-11-30 15:22:26'),
(56, 22, 31, 'fbiFxfR', '2019-12-29 16:50:07', '2022-09-29 16:50:07', '2019-11-30 15:22:26', '2019-11-30 15:22:26'),
(57, 23, 156, 'BOQOfnP', '2019-12-28 17:56:41', '2022-09-28 17:56:41', '2019-11-30 15:22:26', '2019-11-30 15:22:26'),
(58, 23, 142, 'CQjXCMG', '2019-12-27 04:53:55', '2020-08-27 04:53:55', '2019-11-30 15:22:26', '2019-11-30 15:22:26'),
(59, 24, 33, 'EDPYDLM', '2019-12-07 15:14:12', '2022-06-07 15:14:12', '2019-11-30 15:22:26', '2019-11-30 15:22:26'),
(60, 24, 90, 'CZnoTMf', '2019-12-06 17:03:04', '2020-03-06 17:03:04', '2019-11-30 15:22:26', '2019-11-30 15:22:26'),
(61, 24, 159, 'cSbGwPN', '2019-12-06 16:00:30', '2020-03-06 16:00:30', '2019-11-30 15:22:26', '2019-11-30 15:22:26'),
(62, 25, 4, 'Cuabsgo', '2019-12-08 02:00:48', '2021-07-08 02:00:48', '2019-11-30 15:22:26', '2019-11-30 15:22:26'),
(63, 25, 24, 'jEVAWdr', '2019-12-22 00:42:53', '2022-03-22 00:42:53', '2019-11-30 15:22:26', '2019-11-30 15:22:26'),
(64, 26, 142, 'xxXXtIv', '2019-12-29 07:09:14', '2020-12-29 07:09:14', '2019-11-30 15:22:26', '2019-11-30 15:22:26'),
(65, 26, 163, 'aKkbUCx', '2019-12-04 17:59:51', '2021-06-04 17:59:51', '2019-11-30 15:22:26', '2019-11-30 15:22:26'),
(66, 27, 71, 'FyckSQw', '2019-12-04 17:19:42', '2021-12-04 17:19:42', '2019-11-30 15:22:26', '2019-11-30 15:22:26'),
(67, 27, 191, 'HbxmNhX', '2019-12-26 02:54:12', '2020-09-26 02:54:12', '2019-11-30 15:22:26', '2019-11-30 15:22:26'),
(68, 27, 36, 'jCYoFYc', '2019-12-23 20:10:05', '2020-08-23 20:10:05', '2019-11-30 15:22:26', '2019-11-30 15:22:26'),
(69, 28, 177, 'OmMRBBM', '2019-12-05 05:58:57', '2020-06-05 05:58:57', '2019-11-30 15:22:26', '2019-11-30 15:22:26'),
(70, 28, 187, 'mVhUqEI', '2019-12-25 12:53:22', '2020-12-25 12:53:22', '2019-11-30 15:22:26', '2019-11-30 15:22:26'),
(71, 28, 79, 'phBSIJX', '2019-12-23 10:40:06', '2022-01-23 10:40:06', '2019-11-30 15:22:26', '2019-11-30 15:22:26'),
(72, 29, 36, 'XXeckES', '2019-12-12 18:15:40', '2021-10-12 18:15:40', '2019-11-30 15:22:26', '2019-11-30 15:22:26'),
(73, 29, 166, 'ziSsRmt', '2020-01-04 04:20:09', '2021-06-04 04:20:09', '2019-11-30 15:22:26', '2019-11-30 15:22:26'),
(74, 30, 38, 'kwuonkB', '2019-12-15 07:15:08', '2020-11-15 07:15:08', '2019-11-30 15:22:26', '2019-11-30 15:22:26'),
(75, 30, 152, 'uNXITQl', '2019-12-19 16:10:35', '2020-05-19 16:10:35', '2019-11-30 15:22:26', '2019-11-30 15:22:26'),
(76, 30, 60, 'TINMpcq', '2019-12-09 10:37:53', '2020-09-09 10:37:53', '2019-11-30 15:22:26', '2019-11-30 15:22:26'),
(77, 31, 146, 'cUqcmZJ', '2019-12-04 13:01:35', '2020-07-04 13:01:35', '2019-11-30 15:22:26', '2019-11-30 15:22:26'),
(78, 31, 62, 'fSdIxgZ', '2019-12-29 04:56:58', '2021-08-29 04:56:58', '2019-11-30 15:22:26', '2019-11-30 15:22:26'),
(79, 31, 132, 'iTnFTiv', '2019-12-19 17:47:01', '2021-05-19 17:47:01', '2019-11-30 15:22:26', '2019-11-30 15:22:26'),
(80, 32, 98, 'bbevmLp', '2019-12-03 12:32:27', '2021-08-03 12:32:27', '2019-11-30 15:22:26', '2019-11-30 15:22:26'),
(81, 32, 73, 'GCvvznC', '2019-12-12 15:33:20', '2022-08-12 15:33:20', '2019-11-30 15:22:26', '2019-11-30 15:22:26'),
(82, 32, 163, 'BkRiawf', '2020-01-04 15:07:53', '2022-12-04 15:07:53', '2019-11-30 15:22:26', '2019-11-30 15:22:26'),
(83, 33, 198, 'OoZXaOx', '2019-12-26 05:55:42', '2021-10-26 05:55:42', '2019-11-30 15:22:26', '2019-11-30 15:22:26'),
(84, 33, 58, 'fJLXEsY', '2019-12-11 03:58:49', '2021-12-11 03:58:49', '2019-11-30 15:22:26', '2019-11-30 15:22:26'),
(85, 33, 127, 'PwURTZG', '2019-12-27 18:08:54', '2020-11-27 18:08:54', '2019-11-30 15:22:26', '2019-11-30 15:22:26'),
(86, 34, 195, 'HLSUDPh', '2019-12-18 21:32:24', '2022-05-18 21:32:24', '2019-11-30 15:22:26', '2019-11-30 15:22:26'),
(87, 34, 163, 'ZCJiIRJ', '2019-12-28 20:39:55', '2022-04-28 20:39:55', '2019-11-30 15:22:26', '2019-11-30 15:22:26'),
(88, 35, 192, 'silWCSD', '2019-12-25 23:39:01', '2021-12-25 23:39:01', '2019-11-30 15:22:26', '2019-11-30 15:22:26'),
(89, 35, 69, 'zFihzfa', '2019-12-28 17:29:25', '2020-03-28 17:29:25', '2019-11-30 15:22:26', '2019-11-30 15:22:26'),
(90, 36, 102, 'tRWDtLr', '2020-01-01 20:44:50', '2022-08-01 20:44:50', '2019-11-30 15:22:26', '2019-11-30 15:22:26'),
(91, 36, 21, 'ZKbZzfm', '2020-01-01 03:14:22', '2020-10-01 03:14:22', '2019-11-30 15:22:26', '2019-11-30 15:22:26'),
(92, 36, 15, 'vrxqLRc', '2019-12-25 15:08:58', '2020-11-25 15:08:58', '2019-11-30 15:22:26', '2019-11-30 15:22:26'),
(93, 37, 184, 'iXzuOsF', '2019-12-15 06:35:59', '2021-09-15 06:35:59', '2019-11-30 15:22:26', '2019-11-30 15:22:26'),
(94, 37, 141, 'xdlrlKa', '2019-12-30 13:05:31', '2022-07-30 13:05:31', '2019-11-30 15:22:26', '2019-11-30 15:22:26'),
(95, 38, 186, 'qfyPiqw', '2019-12-17 06:24:28', '2020-12-17 06:24:28', '2019-11-30 15:22:26', '2019-11-30 15:22:26'),
(96, 38, 174, 'HrvEGnk', '2019-12-13 12:05:14', '2022-12-13 12:05:14', '2019-11-30 15:22:26', '2019-11-30 15:22:26'),
(97, 38, 34, 'jWcfcBW', '2020-01-03 23:28:15', '2021-03-03 23:28:15', '2019-11-30 15:22:26', '2019-11-30 15:22:26'),
(98, 39, 140, 'uMHcgeV', '2019-12-10 17:15:29', '2021-06-10 17:15:29', '2019-11-30 15:22:26', '2019-11-30 15:22:26'),
(99, 39, 99, 'YmgcEtx', '2019-12-20 14:17:52', '2020-09-20 14:17:52', '2019-11-30 15:22:26', '2019-11-30 15:22:26'),
(100, 39, 11, 'nWeRpSk', '2019-12-13 04:14:36', '2020-12-13 04:14:36', '2019-11-30 15:22:26', '2019-11-30 15:22:26'),
(101, 40, 56, 'XnVjFyG', '2019-12-18 22:06:37', '2022-06-18 22:06:37', '2019-11-30 15:22:26', '2019-11-30 15:22:26'),
(102, 40, 103, 'xgucijq', '2020-01-03 08:17:04', '2020-10-03 08:17:04', '2019-11-30 15:22:26', '2019-11-30 15:22:26'),
(103, 40, 157, 'eeNfeLZ', '2019-12-24 11:58:50', '2020-07-24 11:58:50', '2019-11-30 15:22:26', '2019-11-30 15:22:26'),
(104, 41, 42, 'BtJGAFz', '2019-12-16 10:05:04', '2022-08-16 10:05:04', '2019-11-30 15:22:26', '2019-11-30 15:22:26'),
(105, 41, 193, 'pDezWFW', '2019-12-20 00:19:20', '2020-04-20 00:19:20', '2019-11-30 15:22:26', '2019-11-30 15:22:26'),
(106, 41, 133, 'AtVrVKx', '2019-12-02 22:43:57', '2022-03-02 22:43:57', '2019-11-30 15:22:26', '2019-11-30 15:22:26'),
(107, 42, 88, 'MVhuKyJ', '2019-12-28 23:08:47', '2020-01-28 23:08:47', '2019-11-30 15:22:26', '2019-11-30 15:22:26'),
(108, 42, 194, 'VEoAqjC', '2019-12-05 02:35:39', '2022-04-05 02:35:39', '2019-11-30 15:22:26', '2019-11-30 15:22:26'),
(109, 43, 105, 'dcCHQDW', '2020-01-02 01:45:31', '2021-11-02 01:45:31', '2019-11-30 15:22:26', '2019-11-30 15:22:26'),
(110, 43, 153, 'zYHLFbL', '2019-12-23 16:26:27', '2021-06-23 16:26:27', '2019-11-30 15:22:26', '2019-11-30 15:22:26'),
(111, 44, 144, 'wLZPwIL', '2019-12-30 00:23:54', '2020-03-01 00:23:54', '2019-11-30 15:22:26', '2019-11-30 15:22:26'),
(112, 44, 47, 'MIxSFXj', '2020-01-02 02:10:34', '2021-06-02 02:10:34', '2019-11-30 15:22:26', '2019-11-30 15:22:26'),
(113, 44, 87, 'gGUcvvn', '2019-12-06 12:11:32', '2022-05-06 12:11:32', '2019-11-30 15:22:26', '2019-11-30 15:22:26'),
(114, 45, 96, 'kGwtcZH', '2019-12-20 04:35:53', '2021-07-20 04:35:53', '2019-11-30 15:22:26', '2019-11-30 15:22:26'),
(115, 45, 27, 'wMSkanB', '2020-01-01 01:54:12', '2022-10-01 01:54:12', '2019-11-30 15:22:26', '2019-11-30 15:22:26'),
(116, 45, 179, 'NsEkSXF', '2019-12-17 10:37:00', '2022-03-17 10:37:00', '2019-11-30 15:22:26', '2019-11-30 15:22:26'),
(117, 46, 192, 'UXBwRYt', '2019-12-12 05:22:29', '2020-10-12 05:22:29', '2019-11-30 15:22:26', '2019-11-30 15:22:26'),
(118, 46, 149, 'bxlgQVi', '2019-12-16 17:42:53', '2022-09-16 17:42:53', '2019-11-30 15:22:26', '2019-11-30 15:22:26'),
(119, 46, 95, 'xcvVFir', '2019-12-05 13:36:30', '2020-07-05 13:36:30', '2019-11-30 15:22:26', '2019-11-30 15:22:26'),
(120, 47, 158, 'KfDENFW', '2019-12-23 01:03:00', '2022-08-23 01:03:00', '2019-11-30 15:22:26', '2019-11-30 15:22:26'),
(121, 47, 61, 'JGyfqBi', '2019-12-31 11:35:27', '2021-12-31 11:35:27', '2019-11-30 15:22:26', '2019-11-30 15:22:26'),
(122, 48, 194, 'dfbRfFu', '2019-12-31 13:14:48', '2022-07-31 13:14:48', '2019-11-30 15:22:26', '2019-11-30 15:22:26'),
(123, 48, 50, 'ehnYOwy', '2019-12-12 17:57:41', '2021-12-12 17:57:41', '2019-11-30 15:22:26', '2019-11-30 15:22:26'),
(124, 48, 185, 'CqrHvZu', '2020-01-02 23:10:10', '2021-02-02 23:10:10', '2019-11-30 15:22:26', '2019-11-30 15:22:26'),
(125, 49, 53, 'xbPNiWp', '2020-01-04 04:30:34', '2020-11-04 04:30:34', '2019-11-30 15:22:26', '2019-11-30 15:22:26'),
(126, 49, 139, 'wJbapUS', '2019-12-27 17:04:51', '2022-04-27 17:04:51', '2019-11-30 15:22:26', '2019-11-30 15:22:26'),
(127, 50, 171, 'bIHowxs', '2019-12-16 18:33:28', '2020-05-16 18:33:28', '2019-11-30 15:22:26', '2019-11-30 15:22:26'),
(128, 50, 81, 'rSSGrwC', '2019-12-15 02:56:42', '2022-06-15 02:56:42', '2019-11-30 15:22:26', '2019-11-30 15:22:26'),
(129, 50, 55, 'zBdsjNp', '2019-12-09 05:45:17', '2020-12-09 05:45:17', '2019-11-30 15:22:26', '2019-11-30 15:22:26'),
(130, 51, 127, 'lOFiDsN', '2019-12-05 13:52:49', '2021-01-05 13:52:49', '2019-11-30 15:22:26', '2019-11-30 15:22:26'),
(131, 51, 49, 'HyKCQfu', '2019-12-06 05:23:26', '2022-08-06 05:23:26', '2019-11-30 15:22:26', '2019-11-30 15:22:26'),
(132, 51, 148, 'RcvTXpN', '2019-12-26 00:26:27', '2022-03-26 00:26:27', '2019-11-30 15:22:26', '2019-11-30 15:22:26'),
(133, 52, 123, 'uZztREf', '2019-12-28 12:26:55', '2021-10-28 12:26:55', '2019-11-30 15:22:26', '2019-11-30 15:22:26'),
(134, 52, 127, 'daKbfJP', '2019-12-15 15:35:26', '2020-02-15 15:35:26', '2019-11-30 15:22:26', '2019-11-30 15:22:26'),
(135, 52, 91, 'vactQIN', '2019-12-24 09:30:06', '2021-11-24 09:30:06', '2019-11-30 15:22:26', '2019-11-30 15:22:26'),
(136, 53, 177, 'vGwMfhn', '2019-12-08 07:50:24', '2020-03-08 07:50:24', '2019-11-30 15:22:26', '2019-11-30 15:22:26'),
(137, 53, 10, 'FmEyxmQ', '2019-12-08 11:01:49', '2022-02-08 11:01:49', '2019-11-30 15:22:26', '2019-11-30 15:22:26'),
(138, 54, 130, 'TEIWnfJ', '2019-12-18 23:22:06', '2021-11-18 23:22:06', '2019-11-30 15:22:26', '2019-11-30 15:22:26'),
(139, 54, 140, 'Engwtuy', '2019-12-06 10:12:30', '2020-10-06 10:12:30', '2019-11-30 15:22:26', '2019-11-30 15:22:26'),
(140, 54, 17, 'MLNlhAo', '2020-01-04 05:30:12', '2021-08-04 05:30:12', '2019-11-30 15:22:26', '2019-11-30 15:22:26'),
(141, 55, 170, 'YkNsuxG', '2019-12-10 10:24:25', '2022-05-10 10:24:25', '2019-11-30 15:22:26', '2019-11-30 15:22:26'),
(142, 55, 161, 'TffQXrz', '2019-12-28 03:48:59', '2021-08-28 03:48:59', '2019-11-30 15:22:26', '2019-11-30 15:22:26'),
(143, 55, 142, 'blqpQxd', '2019-12-26 02:37:46', '2020-11-26 02:37:46', '2019-11-30 15:22:26', '2019-11-30 15:22:26'),
(144, 56, 118, 'EljiDAi', '2019-12-16 18:54:28', '2020-08-16 18:54:28', '2019-11-30 15:22:26', '2019-11-30 15:22:26'),
(145, 56, 18, 'ONfYABm', '2019-12-30 22:22:16', '2021-03-02 22:22:16', '2019-11-30 15:22:26', '2019-11-30 15:22:26'),
(146, 56, 98, 'opSGRIO', '2019-12-14 18:34:25', '2021-12-14 18:34:25', '2019-11-30 15:22:26', '2019-11-30 15:22:26'),
(147, 57, 115, 'bkecHiZ', '2019-12-05 09:52:09', '2021-08-05 09:52:09', '2019-11-30 15:22:26', '2019-11-30 15:22:26'),
(148, 57, 55, 'DqEGdMS', '2020-01-01 11:03:57', '2021-03-01 11:03:57', '2019-11-30 15:22:26', '2019-11-30 15:22:26'),
(149, 58, 2, 'gFYdVrG', '2020-01-01 04:35:56', '2021-10-01 04:35:56', '2019-11-30 15:22:26', '2019-11-30 15:22:26'),
(150, 58, 175, 'hIMONWB', '2020-01-03 20:27:21', '2022-12-03 20:27:21', '2019-11-30 15:22:26', '2019-11-30 15:22:26'),
(151, 58, 160, 'uvLxrZE', '2019-12-11 10:12:14', '2022-09-11 10:12:14', '2019-11-30 15:22:26', '2019-11-30 15:22:26'),
(152, 59, 193, 'YtIFbIH', '2019-12-08 05:12:11', '2021-09-08 05:12:11', '2019-11-30 15:22:26', '2019-11-30 15:22:26'),
(153, 59, 83, 'ofnWIqi', '2019-12-11 21:11:00', '2021-04-11 21:11:00', '2019-11-30 15:22:26', '2019-11-30 15:22:26'),
(154, 59, 165, 'pVhWxza', '2019-12-29 22:18:48', '2020-01-29 22:18:48', '2019-11-30 15:22:26', '2019-11-30 15:22:26'),
(155, 60, 68, 'vSlGGcm', '2019-12-26 12:45:03', '2021-07-26 12:45:03', '2019-11-30 15:22:26', '2019-11-30 15:22:26'),
(156, 60, 73, 'lvZXFTp', '2019-12-24 20:25:37', '2020-11-24 20:25:37', '2019-11-30 15:22:26', '2019-11-30 15:22:26'),
(157, 60, 99, 'GRjfscm', '2020-01-04 18:36:58', '2020-06-04 18:36:58', '2019-11-30 15:22:26', '2019-11-30 15:22:26'),
(158, 61, 157, 'AmVycUz', '2019-12-30 04:12:36', '2021-08-30 04:12:36', '2019-11-30 15:22:26', '2019-11-30 15:22:26'),
(159, 61, 53, 'eblUtJw', '2019-12-21 05:13:48', '2021-08-21 05:13:48', '2019-11-30 15:22:26', '2019-11-30 15:22:26'),
(160, 61, 70, 'GlCTvGP', '2019-12-30 18:41:36', '2020-07-30 18:41:36', '2019-11-30 15:22:26', '2019-11-30 15:22:26'),
(161, 62, 179, 'oddWrMg', '2019-12-08 17:24:45', '2021-02-08 17:24:45', '2019-11-30 15:22:26', '2019-11-30 15:22:26'),
(162, 62, 104, 'oqhwZWm', '2020-01-02 18:01:30', '2021-07-02 18:01:30', '2019-11-30 15:22:26', '2019-11-30 15:22:26'),
(163, 63, 173, 'CfEkedH', '2019-12-06 11:55:42', '2020-11-06 11:55:42', '2019-11-30 15:22:26', '2019-11-30 15:22:26'),
(164, 63, 89, 'uPBbcCN', '2019-12-23 00:12:01', '2020-12-23 00:12:01', '2019-11-30 15:22:27', '2019-11-30 15:22:27'),
(165, 64, 55, 'MibsQpd', '2019-12-27 04:59:24', '2020-09-27 04:59:24', '2019-11-30 15:22:27', '2019-11-30 15:22:27'),
(166, 64, 119, 'WLqMQgp', '2019-12-20 21:03:22', '2021-10-20 21:03:22', '2019-11-30 15:22:27', '2019-11-30 15:22:27'),
(167, 64, 93, 'evIlEcs', '2019-12-15 19:47:25', '2022-04-15 19:47:25', '2019-11-30 15:22:27', '2019-11-30 15:22:27'),
(168, 65, 124, 'XxESVcH', '2019-12-18 09:28:51', '2022-02-18 09:28:51', '2019-11-30 15:22:27', '2019-11-30 15:22:27'),
(169, 65, 77, 'MRsAhCx', '2019-12-10 15:34:42', '2022-05-10 15:34:42', '2019-11-30 15:22:27', '2019-11-30 15:22:27'),
(170, 66, 144, 'uzswDUX', '2020-01-04 07:54:45', '2022-06-04 07:54:45', '2019-11-30 15:22:27', '2019-11-30 15:22:27'),
(171, 66, 25, 'lPDCmho', '2019-12-08 16:12:53', '2021-04-08 16:12:53', '2019-11-30 15:22:27', '2019-11-30 15:22:27'),
(172, 66, 188, 'JhWtJvl', '2019-12-09 01:53:08', '2021-07-09 01:53:08', '2019-11-30 15:22:27', '2019-11-30 15:22:27'),
(173, 67, 145, 'KOxaayC', '2020-01-01 07:49:21', '2020-11-01 07:49:21', '2019-11-30 15:22:27', '2019-11-30 15:22:27'),
(174, 67, 18, 'tvlDtgu', '2019-12-30 21:37:01', '2020-12-30 21:37:01', '2019-11-30 15:22:27', '2019-11-30 15:22:27'),
(175, 67, 59, 'IpJexZY', '2019-12-10 16:44:29', '2022-09-10 16:44:29', '2019-11-30 15:22:27', '2019-11-30 15:22:27'),
(176, 68, 191, 'TYyOeuH', '2019-12-05 19:23:51', '2021-12-05 19:23:51', '2019-11-30 15:22:27', '2019-11-30 15:22:27'),
(177, 68, 51, 'MvxEUOW', '2019-12-22 15:22:06', '2021-03-22 15:22:06', '2019-11-30 15:22:27', '2019-11-30 15:22:27'),
(178, 69, 51, 'HdQJVNB', '2019-12-17 18:30:02', '2021-12-17 18:30:02', '2019-11-30 15:22:27', '2019-11-30 15:22:27'),
(179, 69, 161, 'oezzsFA', '2019-12-10 09:13:09', '2022-10-10 09:13:09', '2019-11-30 15:22:27', '2019-11-30 15:22:27'),
(180, 69, 61, 'ZSVzZXW', '2019-12-14 23:00:56', '2022-12-14 23:00:56', '2019-11-30 15:22:27', '2019-11-30 15:22:27'),
(181, 70, 101, 'wfMDHIr', '2019-12-06 21:48:25', '2022-07-06 21:48:25', '2019-11-30 15:22:27', '2019-11-30 15:22:27'),
(182, 70, 66, 'sMGikdC', '2019-12-31 11:55:44', '2020-03-31 11:55:44', '2019-11-30 15:22:27', '2019-11-30 15:22:27'),
(183, 71, 148, 'ZaaWTTO', '2019-12-18 13:42:56', '2022-07-18 13:42:56', '2019-11-30 15:22:27', '2019-11-30 15:22:27'),
(184, 71, 12, 'IdqisoI', '2019-12-14 10:55:39', '2022-11-14 10:55:39', '2019-11-30 15:22:27', '2019-11-30 15:22:27'),
(185, 72, 9, 'pAinUZj', '2020-01-02 10:17:28', '2020-07-02 10:17:28', '2019-11-30 15:22:27', '2019-11-30 15:22:27'),
(186, 72, 143, 'ReFSVhn', '2019-12-04 18:13:17', '2022-06-04 18:13:17', '2019-11-30 15:22:27', '2019-11-30 15:22:27'),
(187, 72, 150, 'fPJeRrp', '2019-12-28 02:51:42', '2020-05-28 02:51:42', '2019-11-30 15:22:27', '2019-11-30 15:22:27'),
(188, 73, 19, 'rQdugkm', '2019-12-29 00:07:26', '2022-11-29 00:07:26', '2019-11-30 15:22:27', '2019-11-30 15:22:27'),
(189, 73, 49, 'lHlguTK', '2019-12-06 19:25:26', '2021-03-06 19:25:26', '2019-11-30 15:22:27', '2019-11-30 15:22:27'),
(190, 74, 77, 'kGAGlzq', '2020-01-03 18:22:19', '2020-07-03 18:22:19', '2019-11-30 15:22:27', '2019-11-30 15:22:27'),
(191, 74, 13, 'LYHuuEC', '2019-12-04 09:51:15', '2020-02-04 09:51:15', '2019-11-30 15:22:27', '2019-11-30 15:22:27'),
(192, 75, 121, 'FMUosJq', '2019-12-30 22:42:14', '2022-12-30 22:42:14', '2019-11-30 15:22:27', '2019-11-30 15:22:27'),
(193, 75, 154, 'THaiiSj', '2019-12-16 22:35:02', '2022-03-16 22:35:02', '2019-11-30 15:22:27', '2019-11-30 15:22:27'),
(194, 76, 35, 'EdNWBkZ', '2019-12-21 01:52:18', '2021-07-21 01:52:18', '2019-11-30 15:22:27', '2019-11-30 15:22:27'),
(195, 76, 16, 'WUdVttT', '2019-12-08 16:55:51', '2021-04-08 16:55:51', '2019-11-30 15:22:27', '2019-11-30 15:22:27'),
(196, 77, 6, 'AzOVHlC', '2019-12-03 03:22:39', '2022-05-03 03:22:39', '2019-11-30 15:22:27', '2019-11-30 15:22:27'),
(197, 77, 42, 'lLBzymO', '2019-12-28 10:25:24', '2021-07-28 10:25:24', '2019-11-30 15:22:27', '2019-11-30 15:22:27'),
(198, 78, 94, 'MIOwEsj', '2019-12-18 15:06:55', '2021-05-18 15:06:55', '2019-11-30 15:22:27', '2019-11-30 15:22:27'),
(199, 78, 12, 'pZBlTIv', '2019-12-17 20:01:33', '2021-10-17 20:01:33', '2019-11-30 15:22:27', '2019-11-30 15:22:27'),
(200, 79, 174, 'ZpjAoNe', '2020-01-01 16:08:58', '2022-02-01 16:08:58', '2019-11-30 15:22:27', '2019-11-30 15:22:27'),
(201, 79, 90, 'vJiuCBW', '2020-01-01 12:10:04', '2021-11-01 12:10:04', '2019-11-30 15:22:27', '2019-11-30 15:22:27'),
(202, 80, 96, 'ONRqxTn', '2019-12-31 10:30:03', '2021-12-01 10:30:03', '2019-11-30 15:22:27', '2019-11-30 15:22:27'),
(203, 80, 57, 'bMXMjRu', '2019-12-07 20:16:05', '2021-10-07 20:16:05', '2019-11-30 15:22:27', '2019-11-30 15:22:27'),
(204, 81, 168, 'OeFsgnn', '2019-12-23 17:27:28', '2022-12-23 17:27:28', '2019-11-30 15:22:27', '2019-11-30 15:22:27'),
(205, 81, 135, 'qBtvJGS', '2019-12-30 18:29:55', '2020-11-30 18:29:55', '2019-11-30 15:22:27', '2019-11-30 15:22:27'),
(206, 82, 113, 'gToFBcS', '2020-01-04 13:36:01', '2021-06-04 13:36:01', '2019-11-30 15:22:27', '2019-11-30 15:22:27'),
(207, 82, 166, 'XrKGFbD', '2019-12-31 00:47:22', '2022-07-01 00:47:22', '2019-11-30 15:22:27', '2019-11-30 15:22:27'),
(208, 82, 51, 'vrIDHFU', '2019-12-02 23:03:49', '2021-08-02 23:03:49', '2019-11-30 15:22:27', '2019-11-30 15:22:27'),
(209, 83, 76, 'KTFAmPC', '2019-12-16 14:00:28', '2021-09-16 14:00:28', '2019-11-30 15:22:27', '2019-11-30 15:22:27'),
(210, 83, 28, 'KlSGLMs', '2019-12-19 14:47:03', '2022-05-19 14:47:03', '2019-11-30 15:22:27', '2019-11-30 15:22:27'),
(211, 84, 69, 'yisVZvL', '2019-12-07 04:10:30', '2021-09-07 04:10:30', '2019-11-30 15:22:27', '2019-11-30 15:22:27'),
(212, 84, 192, 'cuZqLFC', '2019-12-25 21:52:18', '2022-07-25 21:52:18', '2019-11-30 15:22:27', '2019-11-30 15:22:27'),
(213, 84, 60, 'XoCuoDO', '2019-12-17 21:18:47', '2021-07-17 21:18:47', '2019-11-30 15:22:27', '2019-11-30 15:22:27'),
(214, 85, 138, 'mVAkGMI', '2019-12-20 15:18:48', '2022-12-20 15:18:48', '2019-11-30 15:22:27', '2019-11-30 15:22:27'),
(215, 85, 21, 'oNMYWjW', '2019-12-31 17:48:56', '2021-10-01 17:48:56', '2019-11-30 15:22:27', '2019-11-30 15:22:27'),
(216, 86, 73, 'plKtMjv', '2019-12-12 14:16:02', '2021-03-12 14:16:02', '2019-11-30 15:22:27', '2019-11-30 15:22:27'),
(217, 86, 188, 'eNaFKQc', '2019-12-09 12:33:57', '2020-03-09 12:33:57', '2019-11-30 15:22:27', '2019-11-30 15:22:27'),
(218, 87, 71, 'NjNxiKQ', '2020-01-02 09:06:17', '2020-06-02 09:06:17', '2019-11-30 15:22:27', '2019-11-30 15:22:27'),
(219, 87, 184, 'mcaezzM', '2019-12-27 11:00:43', '2022-12-27 11:00:43', '2019-11-30 15:22:27', '2019-11-30 15:22:27'),
(220, 87, 145, 'ZbsWlnl', '2019-12-23 16:13:20', '2022-12-23 16:13:20', '2019-11-30 15:22:27', '2019-11-30 15:22:27'),
(221, 88, 129, 'dKFanBP', '2019-12-17 19:36:29', '2022-04-17 19:36:29', '2019-11-30 15:22:27', '2019-11-30 15:22:27'),
(222, 88, 162, 'WSKSTop', '2019-12-15 15:02:30', '2022-06-15 15:02:30', '2019-11-30 15:22:27', '2019-11-30 15:22:27'),
(223, 89, 183, 'hGzegod', '2019-12-20 00:45:32', '2020-06-20 00:45:32', '2019-11-30 15:22:27', '2019-11-30 15:22:27'),
(224, 89, 76, 'NbLLOHn', '2020-01-01 17:56:59', '2021-02-01 17:56:59', '2019-11-30 15:22:27', '2019-11-30 15:22:27'),
(225, 89, 155, 'djWkbwq', '2020-01-03 00:14:29', '2022-03-03 00:14:29', '2019-11-30 15:22:27', '2019-11-30 15:22:27'),
(226, 90, 170, 'XbSZzQJ', '2020-01-02 11:05:39', '2020-08-02 11:05:39', '2019-11-30 15:22:27', '2019-11-30 15:22:27'),
(227, 90, 88, 'udyJCsa', '2019-12-22 19:24:23', '2022-07-22 19:24:23', '2019-11-30 15:22:27', '2019-11-30 15:22:27'),
(228, 90, 26, 'clnyFVh', '2019-12-12 02:41:14', '2020-11-12 02:41:14', '2019-11-30 15:22:27', '2019-11-30 15:22:27'),
(229, 91, 131, 'iACWBzT', '2019-12-24 14:48:10', '2022-01-24 14:48:10', '2019-11-30 15:22:27', '2019-11-30 15:22:27'),
(230, 91, 9, 'rNKqokR', '2019-12-08 06:52:32', '2021-02-08 06:52:32', '2019-11-30 15:22:27', '2019-11-30 15:22:27'),
(231, 92, 176, 'nRlNOAb', '2019-12-16 13:02:07', '2022-12-16 13:02:07', '2019-11-30 15:22:27', '2019-11-30 15:22:27'),
(232, 92, 200, 'EHYlDbv', '2019-12-20 22:26:25', '2021-02-20 22:26:25', '2019-11-30 15:22:27', '2019-11-30 15:22:27'),
(233, 92, 169, 'tSImCEW', '2019-12-04 09:23:42', '2020-03-04 09:23:42', '2019-11-30 15:22:27', '2019-11-30 15:22:27'),
(234, 93, 64, 'dNQJWkn', '2019-12-15 12:30:35', '2020-08-15 12:30:35', '2019-11-30 15:22:27', '2019-11-30 15:22:27'),
(235, 93, 181, 'iUYREVv', '2019-12-21 19:18:35', '2022-08-21 19:18:35', '2019-11-30 15:22:27', '2019-11-30 15:22:27'),
(236, 94, 124, 'XRThGKl', '2019-12-26 04:53:57', '2022-08-26 04:53:57', '2019-11-30 15:22:27', '2019-11-30 15:22:27'),
(237, 94, 70, 'dnwSyrs', '2019-12-10 15:05:59', '2020-10-10 15:05:59', '2019-11-30 15:22:27', '2019-11-30 15:22:27'),
(238, 94, 10, 'sZlReYQ', '2019-12-30 08:43:45', '2020-04-30 08:43:45', '2019-11-30 15:22:27', '2019-11-30 15:22:27'),
(239, 95, 53, 'WEREPhL', '2019-12-13 22:18:54', '2021-11-13 22:18:54', '2019-11-30 15:22:27', '2019-11-30 15:22:27'),
(240, 95, 199, 'MQOMRZN', '2019-12-09 19:56:55', '2020-03-09 19:56:55', '2019-11-30 15:22:27', '2019-11-30 15:22:27'),
(241, 96, 102, 'IzAitZz', '2019-12-13 01:49:07', '2022-02-13 01:49:07', '2019-11-30 15:22:27', '2019-11-30 15:22:27'),
(242, 96, 107, 'tWMZccn', '2019-12-22 01:39:44', '2020-04-22 01:39:44', '2019-11-30 15:22:27', '2019-11-30 15:22:27'),
(243, 97, 75, 'IDfKLyC', '2019-12-28 04:34:21', '2022-08-28 04:34:21', '2019-11-30 15:22:27', '2019-11-30 15:22:27'),
(244, 97, 170, 'urhxvQd', '2019-12-13 18:09:06', '2022-06-13 18:09:06', '2019-11-30 15:22:27', '2019-11-30 15:22:27'),
(245, 98, 179, 'RHAEHgY', '2019-12-24 06:21:59', '2021-09-24 06:21:59', '2019-11-30 15:22:27', '2019-11-30 15:22:27'),
(246, 98, 147, 'jDMmtui', '2019-12-28 02:11:26', '2021-07-28 02:11:26', '2019-11-30 15:22:27', '2019-11-30 15:22:27'),
(247, 99, 42, 'nfOFFBP', '2019-12-17 07:15:30', '2021-02-17 07:15:30', '2019-11-30 15:22:27', '2019-11-30 15:22:27'),
(248, 99, 195, 'KOGZVak', '2020-01-02 00:51:17', '2022-08-02 00:51:17', '2019-11-30 15:22:27', '2019-11-30 15:22:27'),
(249, 100, 15, 'TtePExB', '2019-12-15 21:03:22', '2022-08-15 21:03:22', '2019-11-30 15:22:27', '2019-11-30 15:22:27'),
(250, 100, 72, 'BJIrBru', '2019-12-03 08:57:05', '2020-02-03 08:57:05', '2019-11-30 15:22:27', '2019-11-30 15:22:27'),
(251, 101, 119, 'HcawzzH', '2019-12-18 06:01:02', '2020-12-18 06:01:02', '2019-11-30 15:22:27', '2019-11-30 15:22:27'),
(252, 101, 63, 'jZYkVcz', '2019-12-21 04:58:13', '2021-11-21 04:58:13', '2019-11-30 15:22:27', '2019-11-30 15:22:27'),
(253, 101, 10, 'vfhZpUN', '2019-12-22 08:52:32', '2021-07-22 08:52:32', '2019-11-30 15:22:27', '2019-11-30 15:22:27'),
(254, 102, 74, 'vwYbFJx', '2020-01-03 18:58:58', '2020-05-03 18:58:58', '2019-11-30 15:22:27', '2019-11-30 15:22:27'),
(255, 102, 48, 'CCEhYzC', '2019-12-07 14:49:58', '2021-11-07 14:49:58', '2019-11-30 15:22:27', '2019-11-30 15:22:27'),
(256, 102, 159, 'fnFdjbZ', '2019-12-18 18:15:30', '2020-04-18 18:15:30', '2019-11-30 15:22:27', '2019-11-30 15:22:27'),
(257, 103, 76, 'pnCRpXF', '2019-12-23 19:23:04', '2021-04-23 19:23:04', '2019-11-30 15:22:27', '2019-11-30 15:22:27'),
(258, 103, 168, 'bFEDhsd', '2019-12-09 09:00:56', '2020-09-09 09:00:56', '2019-11-30 15:22:27', '2019-11-30 15:22:27'),
(259, 104, 10, 'rBXqySx', '2019-12-16 12:59:55', '2021-04-16 12:59:55', '2019-11-30 15:22:27', '2019-11-30 15:22:27'),
(260, 104, 121, 'jGyeeMq', '2019-12-06 21:06:43', '2022-06-06 21:06:43', '2019-11-30 15:22:27', '2019-11-30 15:22:27'),
(261, 105, 169, 'FNkMJYY', '2019-12-25 16:38:59', '2022-12-25 16:38:59', '2019-11-30 15:22:27', '2019-11-30 15:22:27'),
(262, 105, 156, 'OYbDVUt', '2019-12-29 05:16:14', '2021-10-29 05:16:14', '2019-11-30 15:22:27', '2019-11-30 15:22:27'),
(263, 105, 136, 'zLTkbuB', '2019-12-31 02:17:08', '2020-03-02 02:17:08', '2019-11-30 15:22:27', '2019-11-30 15:22:27'),
(264, 106, 181, 'tXmxigC', '2019-12-11 15:31:05', '2021-10-11 15:31:05', '2019-11-30 15:22:28', '2019-11-30 15:22:28'),
(265, 106, 109, 'LviMifW', '2019-12-16 16:52:02', '2022-05-16 16:52:02', '2019-11-30 15:22:28', '2019-11-30 15:22:28'),
(266, 107, 35, 'NUXzMDm', '2019-12-13 23:07:32', '2021-10-13 23:07:32', '2019-11-30 15:22:28', '2019-11-30 15:22:28'),
(267, 107, 87, 'kEbZCor', '2019-12-11 11:19:52', '2021-12-11 11:19:52', '2019-11-30 15:22:28', '2019-11-30 15:22:28'),
(268, 107, 73, 'LEuHbmh', '2019-12-12 03:33:41', '2021-11-12 03:33:41', '2019-11-30 15:22:28', '2019-11-30 15:22:28'),
(269, 108, 193, 'FbdjPDv', '2019-12-20 07:54:54', '2020-08-20 07:54:54', '2019-11-30 15:22:28', '2019-11-30 15:22:28'),
(270, 108, 67, 'HJXqGoI', '2019-12-15 08:05:47', '2022-01-15 08:05:47', '2019-11-30 15:22:28', '2019-11-30 15:22:28'),
(271, 109, 25, 'dmfRkWK', '2019-12-30 08:38:25', '2022-08-30 08:38:25', '2019-11-30 15:22:28', '2019-11-30 15:22:28'),
(272, 109, 160, 'phUiTUm', '2020-01-03 19:17:20', '2020-06-03 19:17:20', '2019-11-30 15:22:28', '2019-11-30 15:22:28'),
(273, 109, 95, 'NjUieWo', '2019-12-16 03:39:58', '2020-05-16 03:39:58', '2019-11-30 15:22:28', '2019-11-30 15:22:28'),
(274, 110, 13, 'zafnnMb', '2019-12-08 05:12:59', '2022-10-08 05:12:59', '2019-11-30 15:22:28', '2019-11-30 15:22:28'),
(275, 110, 169, 'dMeUiys', '2019-12-06 10:09:11', '2022-05-06 10:09:11', '2019-11-30 15:22:28', '2019-11-30 15:22:28'),
(276, 111, 116, 'ptNleII', '2019-12-06 16:41:56', '2021-02-06 16:41:56', '2019-11-30 15:22:28', '2019-11-30 15:22:28'),
(277, 111, 15, 'BGUgahr', '2019-12-28 03:57:36', '2021-02-28 03:57:36', '2019-11-30 15:22:28', '2019-11-30 15:22:28'),
(278, 111, 76, 'FVuxAtY', '2019-12-04 05:34:32', '2021-07-04 05:34:32', '2019-11-30 15:22:28', '2019-11-30 15:22:28'),
(279, 112, 170, 'jVeHrXc', '2020-01-03 05:05:00', '2022-10-03 05:05:00', '2019-11-30 15:22:28', '2019-11-30 15:22:28'),
(280, 112, 156, 'YbCyccs', '2019-12-27 21:48:54', '2021-01-27 21:48:54', '2019-11-30 15:22:28', '2019-11-30 15:22:28'),
(281, 112, 146, 'fVRIqHV', '2019-12-25 04:59:38', '2021-12-25 04:59:38', '2019-11-30 15:22:28', '2019-11-30 15:22:28'),
(282, 113, 14, 'DjJIawQ', '2020-01-02 15:07:26', '2020-02-02 15:07:26', '2019-11-30 15:22:28', '2019-11-30 15:22:28'),
(283, 113, 19, 'RfzAVKv', '2019-12-18 20:40:20', '2022-07-18 20:40:20', '2019-11-30 15:22:28', '2019-11-30 15:22:28'),
(284, 114, 12, 'KUOkuAo', '2019-12-19 04:38:04', '2021-09-19 04:38:04', '2019-11-30 15:22:28', '2019-11-30 15:22:28'),
(285, 114, 131, 'IgBhZKg', '2019-12-27 14:51:15', '2022-04-27 14:51:15', '2019-11-30 15:22:28', '2019-11-30 15:22:28'),
(286, 114, 148, 'wBkyCLh', '2020-01-02 00:06:13', '2021-12-02 00:06:13', '2019-11-30 15:22:28', '2019-11-30 15:22:28'),
(287, 115, 47, 'fnVoKmN', '2019-12-19 03:55:14', '2020-09-19 03:55:14', '2019-11-30 15:22:28', '2019-11-30 15:22:28'),
(288, 115, 107, 'hFJzPGi', '2019-12-31 15:23:48', '2020-10-01 15:23:48', '2019-11-30 15:22:28', '2019-11-30 15:22:28'),
(289, 115, 162, 'rkqktKx', '2019-12-19 11:17:43', '2021-10-19 11:17:43', '2019-11-30 15:22:28', '2019-11-30 15:22:28'),
(290, 116, 85, 'KwsdFsp', '2019-12-22 18:47:11', '2022-12-22 18:47:11', '2019-11-30 15:22:28', '2019-11-30 15:22:28'),
(291, 116, 80, 'WxFOhdk', '2019-12-28 20:30:01', '2020-06-28 20:30:01', '2019-11-30 15:22:28', '2019-11-30 15:22:28');

--
-- Indexes for dumped tables
--

--
-- Indexes for table `categories`
--
ALTER TABLE `categories`
  ADD PRIMARY KEY (`id`);

--
-- Indexes for table `migrations`
--
ALTER TABLE `migrations`
  ADD PRIMARY KEY (`id`);

--
-- Indexes for table `password_resets`
--
ALTER TABLE `password_resets`
  ADD KEY `password_resets_email_index` (`email`);

--
-- Indexes for table `products`
--
ALTER TABLE `products`
  ADD PRIMARY KEY (`id`),
  ADD KEY `products_category_id_foreign` (`category_id`);

--
-- Indexes for table `users`
--
ALTER TABLE `users`
  ADD PRIMARY KEY (`id`),
  ADD UNIQUE KEY `users_email_unique` (`email`);

--
-- Indexes for table `warranty_products`
--
ALTER TABLE `warranty_products`
  ADD PRIMARY KEY (`id`),
  ADD KEY `warranty_products_product_id_foreign` (`product_id`),
  ADD KEY `warranty_products_user_id_foreign` (`user_id`);

--
-- AUTO_INCREMENT for dumped tables
--

--
-- AUTO_INCREMENT for table `categories`
--
ALTER TABLE `categories`
  MODIFY `id` bigint(20) UNSIGNED NOT NULL AUTO_INCREMENT, AUTO_INCREMENT=11;

--
-- AUTO_INCREMENT for table `migrations`
--
ALTER TABLE `migrations`
  MODIFY `id` int(10) UNSIGNED NOT NULL AUTO_INCREMENT, AUTO_INCREMENT=78;

--
-- AUTO_INCREMENT for table `products`
--
ALTER TABLE `products`
  MODIFY `id` bigint(20) UNSIGNED NOT NULL AUTO_INCREMENT, AUTO_INCREMENT=117;

--
-- AUTO_INCREMENT for table `users`
--
ALTER TABLE `users`
  MODIFY `id` bigint(20) UNSIGNED NOT NULL AUTO_INCREMENT, AUTO_INCREMENT=201;

--
-- AUTO_INCREMENT for table `warranty_products`
--
ALTER TABLE `warranty_products`
  MODIFY `id` bigint(20) UNSIGNED NOT NULL AUTO_INCREMENT, AUTO_INCREMENT=292;

--
-- Constraints for dumped tables
--

--
-- Constraints for table `products`
--
ALTER TABLE `products`
  ADD CONSTRAINT `products_category_id_foreign` FOREIGN KEY (`category_id`) REFERENCES `categories` (`id`) ON DELETE CASCADE ON UPDATE CASCADE;

--
-- Constraints for table `warranty_products`
--
ALTER TABLE `warranty_products`
  ADD CONSTRAINT `warranty_products_product_id_foreign` FOREIGN KEY (`product_id`) REFERENCES `products` (`id`) ON DELETE CASCADE ON UPDATE CASCADE,
  ADD CONSTRAINT `warranty_products_user_id_foreign` FOREIGN KEY (`user_id`) REFERENCES `users` (`id`) ON DELETE CASCADE ON UPDATE CASCADE;
COMMIT;

/*!40101 SET CHARACTER_SET_CLIENT=@OLD_CHARACTER_SET_CLIENT */;
/*!40101 SET CHARACTER_SET_RESULTS=@OLD_CHARACTER_SET_RESULTS */;
/*!40101 SET COLLATION_CONNECTION=@OLD_COLLATION_CONNECTION */;
